sample_id,state,district_location,latitude,longitude,elevation_m,landform_type,geological_formation,slope_degrees,aspect_degrees,aspect_cardinal,roughness_index_tri,landcover_class,soil_type,soil_moisture_pct,soil_ph,landslide_risk_level,landslide_susceptibility_score_10,soil_erosion_rate_t_ha_yr,seismic_zone,sensor_status
NER-TRN-ASS-0001,Assam,Guwahati,26.14516,91.73903,22.0,Alluvial Valley & Inselbergs,Brahmaputra Alluvium / Precambrian Gneiss,1.79,246.7,SW,8.81,Agricultural Paddy Land,Alluvial Silt Loam,34.2,6.29,Very Low Risk (Class 2),1.2,5.99,Zone V (Very High Risk),Active / Normal
NER-TRN-ASS-0002,Assam,Guwahati,26.14811,91.73757,60.7,Alluvial Valley & Inselbergs,Brahmaputra Alluvium / Precambrian Gneiss,6.31,352.0,N,11.03,Settlement / Built-up,Alluvial Silt Loam,41.9,6.32,Low Risk (Class 1),3.4,9.97,Zone V (Very High Risk),Active / Normal
NER-TRN-ASS-0003,Assam,Guwahati,26.14815,91.73387,54.4,Alluvial Valley & Inselbergs,Brahmaputra Alluvium / Precambrian Gneiss,5.99,297.5,NW,6.81,Settlement / Built-up,Alluvial Silt Loam,52.1,6.43,Low Risk (Class 1),1.0,12.41,Zone V (Very High Risk),Active / Normal
NER-TRN-ASS-0004,Assam,Guwahati,26.159,91.73235,80.5,Alluvial Valley & Inselbergs,Brahmaputra Alluvium / Precambrian Gneiss,0.99,315.1,NW,3.57,Tea Plantation,Alluvial Silt Loam,42.3,5.92,Low Risk (Class 1),2.2,3.07,Zone V (Very High Risk),Active / Normal
NER-TRN-ASS-0005,Assam,Guwahati,26.16024,91.72568,24.3,Alluvial Valley & Inselbergs,Brahmaputra Alluvium / Precambrian Gneiss,5.7,220.9,SW,9.68,Agricultural Paddy Land,Alluvial Silt Loam,52.6,5.16,Low Risk (Class 1),3.4,18.29,Zone V (Very High Risk),Active / Normal
NER-TRN-ASS-0006,Assam,Guwahati,26.14989,91.74103,86.3,Alluvial Valley & Inselbergs,Brahmaputra Alluvium / Precambrian Gneiss,6.39,124.0,SE,13.82,Settlement / Built-up,Clayey Alluvium,29.5,5.82,Low Risk (Class 1),2.2,10.65,Zone V (Very High Risk),Active / Normal
NER-TRN-ASS-0007,Assam,Guwahati,26.15929,91.73952,46.6,Alluvial Valley & Inselbergs,Brahmaputra Alluvium / Precambrian Gneiss,3.88,296.1,NW,4.57,Riverine Marsh / Wetlands,Red Sandy Clay,38.8,6.28,Very Low Risk (Class 2),2.2,7.46,Zone V (Very High Risk),Active / Normal
NER-TRN-ASS-0008,Assam,Guwahati,26.14148,91.75365,68.9,Alluvial Valley & Inselbergs,Brahmaputra Alluvium / Precambrian Gneiss,3.06,294.0,NW,4.6,Riverine Marsh / Wetlands,Alluvial Silt Loam,36.8,5.66,Low Risk (Class 1),2.5,11.31,Zone V (Very High Risk),Active / Normal
NER-TRN-ASS-0009,Assam,Guwahati,26.16352,91.7241,56.7,Alluvial Valley & Inselbergs,Brahmaputra Alluvium / Precambrian Gneiss,3.3,333.1,NW,10.06,Agricultural Paddy Land,Clayey Alluvium,65.1,4.9,Low Risk (Class 1),1.6,8.24,Zone V (Very High Risk),Active / Normal
NER-TRN-ASS-0010,Assam,Guwahati,26.14182,91.74109,62.6,Alluvial Valley & Inselbergs,Brahmaputra Alluvium / Precambrian Gneiss,1.82,271.6,W,5.0,Agricultural Paddy Land,Red Sandy Clay,51.6,5.54,Low Risk (Class 1),2.8,3.77,Zone V (Very High Risk),Active / Normal
NER-TRN-ASS-0011,Assam,Silchar,24.80507,92.78959,14.3,Barak River Floodplain,Surma Group Sandstone & Siltstone,2.02,120.5,SE,7.19,Settlement / Built-up,Alluvial Silt Loam,52.7,5.2,Very Low Risk (Class 2),1.4,7.24,Zone V (Very High Risk),Active / Normal
NER-TRN-ASS-0012,Assam,Silchar,24.8257,92.81326,14.2,Barak River Floodplain,Surma Group Sandstone & Siltstone,4.97,241.2,SW,7.78,Tea Plantation,Red Sandy Clay,32.1,5.12,Very Low Risk (Class 2),1.3,8.91,Zone V (Very High Risk),Active / Normal
NER-TRN-ASS-0013,Assam,Silchar,24.82004,92.80647,35.6,Barak River Floodplain,Surma Group Sandstone & Siltstone,6.37,332.7,NW,6.67,Riverine Marsh / Wetlands,Red Sandy Clay,49.6,5.07,Low Risk (Class 1),3.1,13.48,Zone V (Very High Risk),Active / Normal
NER-TRN-ASS-0014,Assam,Silchar,24.82181,92.79265,44.8,Barak River Floodplain,Surma Group Sandstone & Siltstone,1.27,253.3,W,9.29,Settlement / Built-up,Clayey Alluvium,32.9,5.24,Low Risk (Class 1),3.0,2.97,Zone V (Very High Risk),Active / Normal
NER-TRN-ASS-0015,Assam,Silchar,24.7984,92.78504,16.1,Barak River Floodplain,Surma Group Sandstone & Siltstone,3.49,67.8,E,6.91,Settlement / Built-up,Clayey Alluvium,53.6,6.28,Very Low Risk (Class 2),3.4,8.56,Zone V (Very High Risk),Active / Normal
NER-TRN-ASS-0016,Assam,Silchar,24.81763,92.8086,63.0,Barak River Floodplain,Surma Group Sandstone & Siltstone,3.65,105.3,E,5.65,Tea Plantation,Alluvial Silt Loam,23.6,4.64,Low Risk (Class 1),1.6,11.55,Zone V (Very High Risk),Active / Normal
NER-TRN-ASS-0017,Assam,Silchar,24.80636,92.79698,25.4,Barak River Floodplain,Surma Group Sandstone & Siltstone,3.89,11.7,N,9.06,Settlement / Built-up,Red Sandy Clay,26.4,5.08,Very Low Risk (Class 2),2.0,13.44,Zone V (Very High Risk),Active / Normal
NER-TRN-ASS-0018,Assam,Silchar,24.80203,92.81037,11.9,Barak River Floodplain,Surma Group Sandstone & Siltstone,6.22,217.2,SW,7.04,Agricultural Paddy Land,Alluvial Silt Loam,54.7,4.75,Low Risk (Class 1),1.0,17.59,Zone V (Very High Risk),Active / Normal
NER-TRN-ASS-0019,Assam,Silchar,24.81322,92.80725,54.1,Barak River Floodplain,Surma Group Sandstone & Siltstone,4.4,39.5,NE,8.01,Agricultural Paddy Land,Alluvial Silt Loam,31.1,4.58,Very Low Risk (Class 2),1.0,7.0,Zone V (Very High Risk),Active / Normal
NER-TRN-ASS-0020,Assam,Silchar,24.81857,92.784,65.8,Barak River Floodplain,Surma Group Sandstone & Siltstone,1.58,263.6,W,4.04,Tea Plantation,Red Sandy Clay,53.0,5.79,Very Low Risk (Class 2),3.3,3.28,Zone V (Very High Risk),Active / Normal
NER-TRN-ASS-0021,Assam,Dibrugarh,27.46417,94.90059,82.7,Upper Brahmaputra Floodplain,Quaternary Alluvium,24.29,255.7,W,25.91,Agricultural Paddy Land,Alluvial Silt Loam,54.5,6.33,Moderate Risk (Class 3),6.5,40.09,Zone V (Very High Risk),Active / Normal
NER-TRN-ASS-0022,Assam,Dibrugarh,27.45435,94.92987,83.6,Upper Brahmaputra Floodplain,Quaternary Alluvium,11.84,320.3,NW,18.56,Riverine Marsh / Wetlands,Alluvial Silt Loam,22.1,4.7,Low Risk (Class 1),2.9,26.97,Zone V (Very High Risk),Active / Normal
NER-TRN-ASS-0023,Assam,Dibrugarh,27.49074,94.90642,110.0,Upper Brahmaputra Floodplain,Quaternary Alluvium,13.75,303.1,NW,15.61,Agricultural Paddy Land,Clayey Alluvium,49.1,5.82,Very Low Risk (Class 2),3.5,17.37,Zone V (Very High Risk),Active / Normal
NER-TRN-ASS-0024,Assam,Dibrugarh,27.45934,94.91397,122.3,Upper Brahmaputra Floodplain,Quaternary Alluvium,20.15,340.5,N,19.22,Settlement / Built-up,Alluvial Silt Loam,31.5,6.72,Moderate Risk (Class 3),5.4,24.82,Zone V (Very High Risk),Active / Normal
NER-TRN-ASS-0025,Assam,Dibrugarh,27.47225,94.91465,131.4,Upper Brahmaputra Floodplain,Quaternary Alluvium,16.57,306.0,NW,19.86,Tea Plantation,Red Sandy Clay,51.5,6.25,High Risk (Class 4),6.8,61.81,Zone V (Very High Risk),Active / Normal
NER-TRN-ASS-0026,Assam,Dibrugarh,27.48029,94.92587,123.5,Upper Brahmaputra Floodplain,Quaternary Alluvium,21.05,35.7,NE,22.96,Riverine Marsh / Wetlands,Alluvial Silt Loam,64.5,5.16,Moderate Risk (Class 3),5.9,78.96,Zone V (Very High Risk),Active / Normal
NER-TRN-ASS-0027,Assam,Dibrugarh,27.46075,94.91305,104.6,Upper Brahmaputra Floodplain,Quaternary Alluvium,16.73,15.4,N,18.2,Riverine Marsh / Wetlands,Clayey Alluvium,62.5,5.59,High Risk (Class 4),5.9,29.4,Zone V (Very High Risk),Active / Normal
NER-TRN-ASS-0028,Assam,Dibrugarh,27.4879,94.90309,128.3,Upper Brahmaputra Floodplain,Quaternary Alluvium,17.71,335.8,NW,16.92,Agricultural Paddy Land,Alluvial Silt Loam,52.3,5.87,High Risk (Class 4),4.5,65.95,Zone V (Very High Risk),Active / Normal
NER-TRN-ASS-0029,Assam,Dibrugarh,27.47655,94.91889,138.6,Upper Brahmaputra Floodplain,Quaternary Alluvium,17.07,175.4,S,22.28,Settlement / Built-up,Alluvial Silt Loam,37.3,4.57,Moderate Risk (Class 3),4.5,60.1,Zone V (Very High Risk),Active / Normal
NER-TRN-ASS-0030,Assam,Dibrugarh,27.46686,94.92784,75.0,Upper Brahmaputra Floodplain,Quaternary Alluvium,17.4,276.2,W,21.19,Agricultural Paddy Land,Red Sandy Clay,67.9,4.57,High Risk (Class 4),5.7,31.07,Zone V (Very High Risk),Active / Normal
NER-TRN-ASS-0031,Assam,Jorhat,26.74421,94.21437,127.4,Riverine Plain & Terraces,Unconsolidated Alluvium,15.81,102.8,E,15.4,Tea Plantation,Red Sandy Clay,31.7,4.74,Moderate Risk (Class 3),5.6,51.7,Zone V (Very High Risk),Active / Normal
NER-TRN-ASS-0032,Assam,Jorhat,26.75025,94.21692,119.1,Riverine Plain & Terraces,Unconsolidated Alluvium,23.88,224.2,SW,24.36,Riverine Marsh / Wetlands,Red Sandy Clay,24.9,4.83,Very High Risk (Class 5),7.8,31.29,Zone V (Very High Risk),Active / Normal
NER-TRN-ASS-0033,Assam,Jorhat,26.75268,94.20984,95.5,Riverine Plain & Terraces,Unconsolidated Alluvium,13.95,184.3,S,13.64,Riverine Marsh / Wetlands,Red Sandy Clay,45.1,6.3,Low Risk (Class 1),2.9,31.34,Zone V (Very High Risk),Active / Normal
NER-TRN-ASS-0034,Assam,Jorhat,26.75138,94.21098,134.8,Riverine Plain & Terraces,Unconsolidated Alluvium,17.06,101.0,E,20.54,Tea Plantation,Clayey Alluvium,30.4,4.99,Moderate Risk (Class 3),6.6,21.55,Zone V (Very High Risk),Active / Normal
NER-TRN-ASS-0035,Assam,Jorhat,26.7529,94.18961,81.1,Riverine Plain & Terraces,Unconsolidated Alluvium,13.81,322.2,NW,19.26,Tea Plantation,Clayey Alluvium,24.0,6.56,Very Low Risk (Class 2),3.1,44.33,Zone V (Very High Risk),Active / Normal
NER-TRN-ASS-0036,Assam,Jorhat,26.73391,94.20064,108.3,Riverine Plain & Terraces,Unconsolidated Alluvium,16.17,209.4,SW,15.26,Riverine Marsh / Wetlands,Red Sandy Clay,49.3,5.38,High Risk (Class 4),4.9,29.65,Zone V (Very High Risk),Maintenance Required
NER-TRN-ASS-0037,Assam,Jorhat,26.74749,94.20838,81.8,Riverine Plain & Terraces,Unconsolidated Alluvium,17.77,41.8,NE,18.93,Riverine Marsh / Wetlands,Clayey Alluvium,29.3,5.31,High Risk (Class 4),6.2,63.24,Zone V (Very High Risk),Active / Normal
NER-TRN-ASS-0038,Assam,Jorhat,26.74578,94.19728,90.2,Riverine Plain & Terraces,Unconsolidated Alluvium,22.79,13.7,N,22.04,Riverine Marsh / Wetlands,Alluvial Silt Loam,65.9,4.54,High Risk (Class 4),4.8,60.67,Zone V (Very High Risk),Active / Normal
NER-TRN-ASS-0039,Assam,Jorhat,26.75625,94.19764,120.1,Riverine Plain & Terraces,Unconsolidated Alluvium,21.7,343.9,N,24.19,Agricultural Paddy Land,Clayey Alluvium,66.9,5.9,Very High Risk (Class 5),7.8,43.29,Zone V (Very High Risk),Maintenance Required
NER-TRN-ASS-0040,Assam,Jorhat,26.745,94.18884,137.0,Riverine Plain & Terraces,Unconsolidated Alluvium,14.89,245.9,SW,15.41,Settlement / Built-up,Clayey Alluvium,57.2,6.55,Very Low Risk (Class 2),2.0,34.6,Zone V (Very High Risk),Active / Normal
NER-TRN-ASS-0041,Assam,Tezpur,26.6398,92.81362,47.5,Brahmaputra Basin Margin,Quaternary Terrace Deposits,6.92,52.2,NE,11.08,Riverine Marsh / Wetlands,Clayey Alluvium,40.2,6.16,Very Low Risk (Class 2),1.6,25.82,Zone V (Very High Risk),Active / Normal
NER-TRN-ASS-0042,Assam,Tezpur,26.61528,92.78404,82.4,Brahmaputra Basin Margin,Quaternary Terrace Deposits,0.96,104.7,E,9.06,Agricultural Paddy Land,Alluvial Silt Loam,22.3,6.05,Very Low Risk (Class 2),1.7,1.4,Zone V (Very High Risk),Active / Normal
NER-TRN-ASS-0043,Assam,Tezpur,26.61736,92.7806,80.5,Brahmaputra Basin Margin,Quaternary Terrace Deposits,0.63,5.8,N,2.42,Tea Plantation,Clayey Alluvium,61.9,4.64,Low Risk (Class 1),2.6,2.08,Zone V (Very High Risk),Active / Normal
NER-TRN-ASS-0044,Assam,Tezpur,26.62966,92.79931,31.9,Brahmaputra Basin Margin,Quaternary Terrace Deposits,5.12,232.3,SW,9.06,Settlement / Built-up,Clayey Alluvium,53.9,6.27,Low Risk (Class 1),3.1,9.53,Zone V (Very High Risk),Active / Normal
NER-TRN-ASS-0045,Assam,Tezpur,26.62639,92.80913,13.7,Brahmaputra Basin Margin,Quaternary Terrace Deposits,1.92,12.9,N,5.02,Agricultural Paddy Land,Alluvial Silt Loam,24.6,5.64,Low Risk (Class 1),3.6,6.5,Zone V (Very High Risk),Active / Normal
NER-TRN-ASS-0046,Assam,Tezpur,26.63307,92.81608,29.5,Brahmaputra Basin Margin,Quaternary Terrace Deposits,2.73,120.2,SE,9.92,Agricultural Paddy Land,Alluvial Silt Loam,43.8,5.79,Low Risk (Class 1),3.1,5.94,Zone V (Very High Risk),Active / Normal
NER-TRN-ASS-0047,Assam,Tezpur,26.64393,92.81669,31.0,Brahmaputra Basin Margin,Quaternary Terrace Deposits,1.27,359.2,N,5.9,Agricultural Paddy Land,Red Sandy Clay,65.3,5.48,Low Risk (Class 1),2.3,3.12,Zone V (Very High Risk),Active / Normal
NER-TRN-ASS-0048,Assam,Tezpur,26.62432,92.81944,15.9,Brahmaputra Basin Margin,Quaternary Terrace Deposits,1.46,224.2,SW,8.81,Tea Plantation,Red Sandy Clay,63.4,6.11,Low Risk (Class 1),3.7,2.1,Zone V (Very High Risk),Active / Normal
NER-TRN-ASS-0049,Assam,Tezpur,26.64575,92.8063,75.8,Brahmaputra Basin Margin,Quaternary Terrace Deposits,1.87,209.5,SW,5.39,Tea Plantation,Clayey Alluvium,56.2,6.1,Very Low Risk (Class 2),1.5,5.73,Zone V (Very High Risk),Active / Normal
NER-TRN-ASS-0050,Assam,Tezpur,26.61397,92.7858,56.4,Brahmaputra Basin Margin,Quaternary Terrace Deposits,7.07,52.9,NE,7.68,Tea Plantation,Alluvial Silt Loam,29.1,4.87,Very Low Risk (Class 2),3.9,8.66,Zone V (Very High Risk),Active / Normal
NER-TRN-ASS-0051,Assam,Haflong,25.15091,93.03412,555.9,Dima Hasao Hill Range,Barail Group Sandstone,24.85,344.3,N,24.9,Shift Agriculture (Jhum),Clayey Alluvium,39.1,5.12,High Risk (Class 4),9.1,92.6,Zone V (Very High Risk),Active / Normal
NER-TRN-ASS-0052,Assam,Haflong,25.17327,93.02775,511.8,Dima Hasao Hill Range,Barail Group Sandstone,19.1,190.8,S,20.83,Terrace Farming,Red Sandy Clay,58.8,6.77,Moderate Risk (Class 3),4.0,57.21,Zone V (Very High Risk),Active / Normal
NER-TRN-ASS-0053,Assam,Haflong,25.17028,93.03558,493.6,Dima Hasao Hill Range,Barail Group Sandstone,13.7,276.0,W,15.88,Subtropical Pine Forest,Clayey Alluvium,25.9,4.78,Low Risk (Class 1),2.7,30.6,Zone V (Very High Risk),Active / Normal
NER-TRN-ASS-0054,Assam,Haflong,25.17808,93.02943,488.1,Dima Hasao Hill Range,Barail Group Sandstone,10.58,182.6,S,14.65,Dense Mixed Evergreen Forest,Red Sandy Clay,49.8,5.03,Low Risk (Class 1),1.5,19.93,Zone V (Very High Risk),Active / Normal
NER-TRN-ASS-0055,Assam,Haflong,25.1556,93.02102,453.3,Dima Hasao Hill Range,Barail Group Sandstone,14.48,65.4,NE,15.96,Subtropical Pine Forest,Clayey Alluvium,42.9,6.06,Low Risk (Class 1),3.2,46.34,Zone V (Very High Risk),Active / Normal
NER-TRN-ASS-0056,Assam,Haflong,25.1751,93.02451,542.4,Dima Hasao Hill Range,Barail Group Sandstone,24.12,159.2,S,26.86,Terrace Farming,Red Sandy Clay,31.3,5.34,High Risk (Class 4),8.1,66.23,Zone V (Very High Risk),Active / Normal
NER-TRN-ASS-0057,Assam,Haflong,25.17045,93.0146,516.9,Dima Hasao Hill Range,Barail Group Sandstone,15.2,248.8,W,16.28,Dense Mixed Evergreen Forest,Clayey Alluvium,57.0,5.51,Moderate Risk (Class 3),6.5,51.36,Zone V (Very High Risk),Active / Normal
NER-TRN-ASS-0058,Assam,Haflong,25.15107,93.03652,603.7,Dima Hasao Hill Range,Barail Group Sandstone,14.19,119.1,SE,19.1,Subtropical Pine Forest,Alluvial Silt Loam,54.4,5.69,Low Risk (Class 1),1.1,25.21,Zone V (Very High Risk),Active / Normal
NER-TRN-ASS-0059,Assam,Haflong,25.15614,93.01109,492.9,Dima Hasao Hill Range,Barail Group Sandstone,22.46,84.1,E,24.08,Subtropical Pine Forest,Clayey Alluvium,24.4,6.11,High Risk (Class 4),9.7,55.67,Zone V (Very High Risk),Active / Normal
NER-TRN-ASS-0060,Assam,Haflong,25.17695,93.02179,582.9,Dima Hasao Hill Range,Barail Group Sandstone,24.97,132.2,SE,27.53,Subtropical Pine Forest,Red Sandy Clay,56.0,5.55,High Risk (Class 4),8.9,68.85,Zone V (Very High Risk),Active / Normal
NER-TRN-MEG-0061,Meghalaya,Shillong,25.57486,91.9035,1488.3,Dissected Central Plateau,Shillong Group Quartzite / Metasediments,31.44,192.2,S,28.96,Dense Evergreen Broadleaf Forest,Humus Rich Loam,24.6,5.6,Moderate Risk (Class 3),4.1,105.23,Zone V (Very High Risk),Active / Normal
NER-TRN-MEG-0062,Meghalaya,Shillong,25.56059,91.88941,1605.5,Dissected Central Plateau,Shillong Group Quartzite / Metasediments,47.61,59.0,NE,45.47,Exposed Rock Ridge,Latosol / Red Clay,30.5,5.24,Very High Risk (Class 5),9.0,168.34,Zone V (Very High Risk),Active / Normal
NER-TRN-MEG-0063,Meghalaya,Shillong,25.58225,91.89211,1571.4,Dissected Central Plateau,Shillong Group Quartzite / Metasediments,36.67,307.2,NW,32.76,Dense Evergreen Broadleaf Forest,Latosol / Red Clay,46.1,4.96,Very High Risk (Class 5),8.7,58.07,Zone V (Very High Risk),Active / Normal
NER-TRN-MEG-0064,Meghalaya,Shillong,25.57628,91.88919,1615.0,Dissected Central Plateau,Shillong Group Quartzite / Metasediments,29.08,24.2,NE,32.98,Shift Agriculture (Jhum),Latosol / Red Clay,35.7,6.4,Very High Risk (Class 5),9.4,39.03,Zone V (Very High Risk),Active / Normal
NER-TRN-MEG-0065,Meghalaya,Shillong,25.56537,91.8846,1563.6,Dissected Central Plateau,Shillong Group Quartzite / Metasediments,18.51,35.4,NE,23.06,Shift Agriculture (Jhum),Peaty Carbonaceous Soil,56.8,4.7,High Risk (Class 4),6.5,61.96,Zone V (Very High Risk),Active / Normal
NER-TRN-MEG-0066,Meghalaya,Shillong,25.57072,91.87733,1612.6,Dissected Central Plateau,Shillong Group Quartzite / Metasediments,41.59,0.0,N,38.15,Degraded Forest / Bamboo Brake,Peaty Carbonaceous Soil,25.3,5.36,High Risk (Class 4),7.9,102.36,Zone V (Very High Risk),Active / Normal
NER-TRN-MEG-0067,Meghalaya,Shillong,25.57345,91.89103,1428.9,Dissected Central Plateau,Shillong Group Quartzite / Metasediments,50.29,250.9,W,44.8,Exposed Rock Ridge,Humus Rich Loam,29.7,5.09,High Risk (Class 4),7.2,96.1,Zone V (Very High Risk),Active / Normal
NER-TRN-MEG-0068,Meghalaya,Shillong,25.5686,91.89845,1427.3,Dissected Central Plateau,Shillong Group Quartzite / Metasediments,23.79,62.7,NE,28.01,Dense Mixed Evergreen Forest,Latosol / Red Clay,47.7,5.63,High Risk (Class 4),8.5,36.62,Zone V (Very High Risk),Active / Normal
NER-TRN-MEG-0069,Meghalaya,Shillong,25.57469,91.88884,1486.0,Dissected Central Plateau,Shillong Group Quartzite / Metasediments,23.71,249.6,W,28.38,Dense Mixed Evergreen Forest,Humus Rich Loam,55.9,5.11,Moderate Risk (Class 3),4.2,64.55,Zone V (Very High Risk),Active / Normal
NER-TRN-MEG-0070,Meghalaya,Shillong,25.56548,91.88258,1457.6,Dissected Central Plateau,Shillong Group Quartzite / Metasediments,28.58,173.0,S,29.23,Dense Mixed Evergreen Forest,Latosol / Red Clay,35.1,5.48,Very High Risk (Class 5),7.1,53.63,Zone V (Very High Risk),Active / Normal
NER-TRN-MEG-0071,Meghalaya,Cherrapunji (Sohra),25.31139,91.75204,1507.8,Southern Plateau Escarpment & Canyons,Sylhet Limestone & Sandstone,36.55,36.6,NE,36.97,Exposed Rock Ridge,Peaty Carbonaceous Soil,38.3,5.53,High Risk (Class 4),8.0,124.15,Zone V (Very High Risk),Active / Normal
NER-TRN-MEG-0072,Meghalaya,Cherrapunji (Sohra),25.31586,91.71765,1592.1,Southern Plateau Escarpment & Canyons,Sylhet Limestone & Sandstone,36.93,162.9,S,32.64,Dense Evergreen Broadleaf Forest,Peaty Carbonaceous Soil,47.6,5.25,High Risk (Class 4),8.7,77.99,Zone V (Very High Risk),Active / Normal
NER-TRN-MEG-0073,Meghalaya,Cherrapunji (Sohra),25.28881,91.74362,1413.0,Southern Plateau Escarpment & Canyons,Sylhet Limestone & Sandstone,34.86,120.7,SE,33.0,Dense Evergreen Broadleaf Forest,Latosol / Red Clay,27.6,5.9,High Risk (Class 4),9.4,86.69,Zone V (Very High Risk),Active / Normal
NER-TRN-MEG-0074,Meghalaya,Cherrapunji (Sohra),25.31324,91.74313,1551.1,Southern Plateau Escarpment & Canyons,Sylhet Limestone & Sandstone,45.22,256.2,W,42.12,Dense Evergreen Broadleaf Forest,Latosol / Red Clay,46.2,6.46,Very High Risk (Class 5),8.6,161.11,Zone V (Very High Risk),Active / Normal
NER-TRN-MEG-0075,Meghalaya,Cherrapunji (Sohra),25.28605,91.74232,1594.2,Southern Plateau Escarpment & Canyons,Sylhet Limestone & Sandstone,48.47,263.9,W,47.06,Dense Evergreen Broadleaf Forest,Humus Rich Loam,32.8,6.32,High Risk (Class 4),8.2,114.13,Zone V (Very High Risk),Active / Normal
NER-TRN-MEG-0076,Meghalaya,Cherrapunji (Sohra),25.29434,91.71416,1385.6,Southern Plateau Escarpment & Canyons,Sylhet Limestone & Sandstone,20.08,247.3,SW,23.34,Shift Agriculture (Jhum),Latosol / Red Clay,26.8,6.4,High Risk (Class 4),8.8,34.44,Zone V (Very High Risk),Active / Normal
NER-TRN-MEG-0077,Meghalaya,Cherrapunji (Sohra),25.30788,91.7244,1594.0,Southern Plateau Escarpment & Canyons,Sylhet Limestone & Sandstone,30.68,108.3,E,34.06,Exposed Rock Ridge,Latosol / Red Clay,31.5,5.63,High Risk (Class 4),8.6,53.88,Zone V (Very High Risk),Active / Normal
NER-TRN-MEG-0078,Meghalaya,Cherrapunji (Sohra),25.3067,91.72844,1558.6,Southern Plateau Escarpment & Canyons,Sylhet Limestone & Sandstone,21.22,119.4,SE,25.43,Terrace Farming,Humus Rich Loam,48.7,5.42,Moderate Risk (Class 3),6.0,69.95,Zone V (Very High Risk),Active / Normal
NER-TRN-MEG-0079,Meghalaya,Cherrapunji (Sohra),25.28938,91.71502,1442.2,Southern Plateau Escarpment & Canyons,Sylhet Limestone & Sandstone,34.44,268.2,W,31.71,Degraded Forest / Bamboo Brake,Latosol / Red Clay,61.1,4.88,High Risk (Class 4),8.7,85.98,Zone V (Very High Risk),Active / Normal
NER-TRN-MEG-0080,Meghalaya,Cherrapunji (Sohra),25.28321,91.73623,1398.9,Southern Plateau Escarpment & Canyons,Sylhet Limestone & Sandstone,18.48,5.6,N,22.39,Terrace Farming,Latosol / Red Clay,29.8,5.12,High Risk (Class 4),5.6,45.65,Zone V (Very High Risk),Active / Normal
NER-TRN-MEG-0081,Meghalaya,Tura,25.50259,90.20096,354.2,Garo Hills Spur,Archaean Gneissic Complex,11.65,160.0,S,17.06,Subtropical Pine Forest,Peaty Carbonaceous Soil,53.9,6.67,Low Risk (Class 1),1.0,15.29,Zone V (Very High Risk),Active / Normal
NER-TRN-MEG-0082,Meghalaya,Tura,25.51847,90.19902,330.6,Garo Hills Spur,Archaean Gneissic Complex,24.62,26.9,NE,29.32,Terrace Farming,Peaty Carbonaceous Soil,61.2,6.73,Moderate Risk (Class 3),5.1,59.33,Zone V (Very High Risk),Active / Normal
NER-TRN-MEG-0083,Meghalaya,Tura,25.51239,90.21412,368.3,Garo Hills Spur,Archaean Gneissic Complex,10.22,201.6,S,13.1,Shift Agriculture (Jhum),Latosol / Red Clay,51.1,4.66,Low Risk (Class 1),3.1,15.8,Zone V (Very High Risk),Active / Normal
NER-TRN-MEG-0084,Meghalaya,Tura,25.51672,90.20885,354.6,Garo Hills Spur,Archaean Gneissic Complex,17.72,242.6,SW,18.24,Dense Mixed Evergreen Forest,Humus Rich Loam,27.0,5.24,High Risk (Class 4),6.4,29.31,Zone V (Very High Risk),Active / Normal
NER-TRN-MEG-0085,Meghalaya,Tura,25.51438,90.21609,320.0,Garo Hills Spur,Archaean Gneissic Complex,21.75,354.4,N,23.66,Subtropical Pine Forest,Peaty Carbonaceous Soil,42.1,6.68,Moderate Risk (Class 3),5.3,45.04,Zone V (Very High Risk),Active / Normal
NER-TRN-MEG-0086,Meghalaya,Tura,25.5329,90.20755,371.8,Garo Hills Spur,Archaean Gneissic Complex,21.74,39.6,NE,26.48,Shift Agriculture (Jhum),Latosol / Red Clay,39.2,5.16,High Risk (Class 4),8.1,79.75,Zone V (Very High Risk),Active / Normal
NER-TRN-MEG-0087,Meghalaya,Tura,25.49624,90.18481,346.4,Garo Hills Spur,Archaean Gneissic Complex,9.68,227.8,SW,11.86,Shift Agriculture (Jhum),Latosol / Red Clay,35.3,6.65,Low Risk (Class 1),2.7,22.19,Zone V (Very High Risk),Active / Normal
NER-TRN-MEG-0088,Meghalaya,Tura,25.52899,90.21941,335.9,Garo Hills Spur,Archaean Gneissic Complex,16.53,346.6,N,20.86,Dense Mixed Evergreen Forest,Peaty Carbonaceous Soil,32.0,5.06,Moderate Risk (Class 3),6.1,45.62,Zone V (Very High Risk),Active / Normal
NER-TRN-MEG-0089,Meghalaya,Tura,25.52029,90.19695,381.4,Garo Hills Spur,Archaean Gneissic Complex,17.64,257.6,W,21.48,Terrace Farming,Humus Rich Loam,58.4,4.96,Moderate Risk (Class 3),4.5,42.52,Zone V (Very High Risk),Active / Normal
NER-TRN-MEG-0090,Meghalaya,Tura,25.52782,90.20599,374.2,Garo Hills Spur,Archaean Gneissic Complex,15.18,57.6,NE,19.68,Dense Mixed Evergreen Forest,Peaty Carbonaceous Soil,26.1,5.45,Moderate Risk (Class 3),4.5,40.1,Zone V (Very High Risk),Active / Normal
NER-TRN-ARU-0091,Arunachal Pradesh,Itanagar,27.08165,93.61174,335.6,Outer Himalayan Foothills (Siwaliks),Siwalik Group Molasse Deposits,19.61,336.1,NW,19.32,Dense Mixed Evergreen Forest,Gravelly Mountain Soil,29.2,6.7,Moderate Risk (Class 3),5.9,41.92,Zone V (Very High Risk),Active / Normal
NER-TRN-ARU-0092,Arunachal Pradesh,Itanagar,27.06653,93.62303,351.1,Outer Himalayan Foothills (Siwaliks),Siwalik Group Molasse Deposits,13.76,254.9,W,17.66,Shift Agriculture (Jhum),Forest Brown Soil,54.0,5.75,Low Risk (Class 1),2.2,50.93,Zone V (Very High Risk),Active / Normal
NER-TRN-ARU-0093,Arunachal Pradesh,Itanagar,27.06458,93.60349,320.1,Outer Himalayan Foothills (Siwaliks),Siwalik Group Molasse Deposits,16.11,267.6,W,19.21,Dense Mixed Evergreen Forest,Forest Brown Soil,52.6,5.73,Moderate Risk (Class 3),5.4,31.51,Zone V (Very High Risk),Active / Normal
NER-TRN-ARU-0094,Arunachal Pradesh,Itanagar,27.08738,93.58799,318.9,Outer Himalayan Foothills (Siwaliks),Siwalik Group Molasse Deposits,12.85,286.6,W,19.02,Dense Mixed Evergreen Forest,Forest Brown Soil,43.3,4.55,Low Risk (Class 1),2.9,36.66,Zone V (Very High Risk),Active / Normal
NER-TRN-ARU-0095,Arunachal Pradesh,Itanagar,27.08395,93.5934,314.9,Outer Himalayan Foothills (Siwaliks),Siwalik Group Molasse Deposits,21.74,300.0,NW,22.56,Shift Agriculture (Jhum),Podzolic Alpine Soil,32.6,6.66,Moderate Risk (Class 3),6.3,42.96,Zone V (Very High Risk),Active / Normal
NER-TRN-ARU-0096,Arunachal Pradesh,Itanagar,27.0942,93.6242,346.7,Outer Himalayan Foothills (Siwaliks),Siwalik Group Molasse Deposits,15.66,227.0,SW,16.94,Terrace Farming,Podzolic Alpine Soil,26.5,6.02,Moderate Risk (Class 3),5.3,25.4,Zone V (Very High Risk),Active / Normal
NER-TRN-ARU-0097,Arunachal Pradesh,Itanagar,27.08268,93.61799,312.0,Outer Himalayan Foothills (Siwaliks),Siwalik Group Molasse Deposits,18.5,2.8,N,17.79,Shift Agriculture (Jhum),Gravelly Mountain Soil,35.2,6.53,Moderate Risk (Class 3),6.7,62.85,Zone V (Very High Risk),Active / Normal
NER-TRN-ARU-0098,Arunachal Pradesh,Itanagar,27.08742,93.58683,346.6,Outer Himalayan Foothills (Siwaliks),Siwalik Group Molasse Deposits,16.38,349.9,N,18.0,Terrace Farming,Forest Brown Soil,28.0,5.99,Moderate Risk (Class 3),4.7,54.78,Zone V (Very High Risk),Active / Normal
NER-TRN-ARU-0099,Arunachal Pradesh,Itanagar,27.07437,93.61523,293.9,Outer Himalayan Foothills (Siwaliks),Siwalik Group Molasse Deposits,11.8,110.4,E,11.24,Shift Agriculture (Jhum),Forest Brown Soil,34.6,6.5,Very Low Risk (Class 2),2.2,18.12,Zone V (Very High Risk),Active / Normal
NER-TRN-ARU-0100,Arunachal Pradesh,Itanagar,27.06529,93.60614,287.7,Outer Himalayan Foothills (Siwaliks),Siwalik Group Molasse Deposits,21.6,20.6,N,19.9,Dense Mixed Evergreen Forest,Gravelly Mountain Soil,57.7,6.57,Moderate Risk (Class 3),6.0,42.8,Zone V (Very High Risk),Maintenance Required
NER-TRN-ARU-0101,Arunachal Pradesh,Pasighat,28.0644,95.34523,179.9,Siang River Apex Valley,Brahmaputra Frontal Belt Sandstone,15.43,279.6,W,19.19,Agricultural Paddy Land,Forest Brown Soil,50.1,6.64,Moderate Risk (Class 3),5.6,28.74,Zone V (Very High Risk),Active / Normal
NER-TRN-ARU-0102,Arunachal Pradesh,Pasighat,28.06637,95.31743,187.2,Siang River Apex Valley,Brahmaputra Frontal Belt Sandstone,8.12,89.0,E,9.38,Tea Plantation,Podzolic Alpine Soil,45.2,4.54,Very Low Risk (Class 2),2.4,28.58,Zone V (Very High Risk),Active / Normal
NER-TRN-ARU-0103,Arunachal Pradesh,Pasighat,28.08326,95.33093,125.8,Siang River Apex Valley,Brahmaputra Frontal Belt Sandstone,14.29,300.1,NW,18.15,Agricultural Paddy Land,Podzolic Alpine Soil,28.7,5.63,Very Low Risk (Class 2),1.3,48.14,Zone V (Very High Risk),Active / Normal
NER-TRN-ARU-0104,Arunachal Pradesh,Pasighat,28.06428,95.34518,136.8,Siang River Apex Valley,Brahmaputra Frontal Belt Sandstone,18.86,84.5,E,23.48,Riverine Marsh / Wetlands,Gravelly Mountain Soil,26.7,6.0,Moderate Risk (Class 3),6.6,54.71,Zone V (Very High Risk),Active / Normal
NER-TRN-ARU-0105,Arunachal Pradesh,Pasighat,28.06186,95.31859,129.8,Siang River Apex Valley,Brahmaputra Frontal Belt Sandstone,11.75,225.0,SW,14.27,Agricultural Paddy Land,Gravelly Mountain Soil,31.4,6.42,Low Risk (Class 1),3.1,28.72,Zone V (Very High Risk),Active / Normal
NER-TRN-ARU-0106,Arunachal Pradesh,Pasighat,28.08087,95.33302,189.0,Siang River Apex Valley,Brahmaputra Frontal Belt Sandstone,23.1,348.0,N,23.21,Agricultural Paddy Land,Forest Brown Soil,25.8,5.66,High Risk (Class 4),4.5,79.62,Zone V (Very High Risk),Active / Normal
NER-TRN-ARU-0107,Arunachal Pradesh,Pasighat,28.07567,95.31116,124.7,Siang River Apex Valley,Brahmaputra Frontal Belt Sandstone,12.21,127.7,SE,12.47,Agricultural Paddy Land,Forest Brown Soil,50.4,6.8,Very Low Risk (Class 2),2.2,16.51,Zone V (Very High Risk),Active / Normal
NER-TRN-ARU-0108,Arunachal Pradesh,Pasighat,28.07458,95.3246,176.1,Siang River Apex Valley,Brahmaputra Frontal Belt Sandstone,13.61,352.6,N,15.95,Tea Plantation,Forest Brown Soil,53.9,5.88,Low Risk (Class 1),3.1,27.8,Zone V (Very High Risk),Active / Normal
NER-TRN-ARU-0109,Arunachal Pradesh,Pasighat,28.05823,95.32414,142.9,Siang River Apex Valley,Brahmaputra Frontal Belt Sandstone,15.23,302.4,NW,18.55,Agricultural Paddy Land,Gravelly Mountain Soil,47.4,4.78,Moderate Risk (Class 3),6.6,21.02,Zone V (Very High Risk),Active / Normal
NER-TRN-ARU-0110,Arunachal Pradesh,Pasighat,28.05921,95.31257,128.4,Siang River Apex Valley,Brahmaputra Frontal Belt Sandstone,17.91,347.7,N,19.04,Tea Plantation,Forest Brown Soil,52.1,5.34,Moderate Risk (Class 3),4.6,64.55,Zone V (Very High Risk),Active / Normal
NER-TRN-ARU-0111,Arunachal Pradesh,Tawang,27.57544,91.86139,3105.3,High Alpine Glacier Valley,Higher Himalayan Crystalline (Gneiss/Schist),20.35,285.9,W,21.33,Sub-alpine Coniferous Forest,Podzolic Alpine Soil,46.5,6.26,High Risk (Class 4),5.2,40.72,Zone V (Very High Risk),Active / Normal
NER-TRN-ARU-0112,Arunachal Pradesh,Tawang,27.58426,91.85476,3105.4,High Alpine Glacier Valley,Higher Himalayan Crystalline (Gneiss/Schist),43.47,314.8,NW,42.95,Sub-alpine Coniferous Forest,Forest Brown Soil,26.4,4.86,Very High Risk (Class 5),9.4,146.99,Zone V (Very High Risk),Active / Normal
NER-TRN-ARU-0113,Arunachal Pradesh,Tawang,27.57638,91.86872,3150.4,High Alpine Glacier Valley,Higher Himalayan Crystalline (Gneiss/Schist),26.23,300.6,NW,30.26,Alpine Meadow / Scrub,Gravelly Mountain Soil,55.3,6.7,Moderate Risk (Class 3),6.4,53.79,Zone V (Very High Risk),Active / Normal
NER-TRN-ARU-0114,Arunachal Pradesh,Tawang,27.59893,91.8791,3037.8,High Alpine Glacier Valley,Higher Himalayan Crystalline (Gneiss/Schist),22.24,177.6,S,25.06,Sub-alpine Coniferous Forest,Podzolic Alpine Soil,61.0,5.02,Moderate Risk (Class 3),5.3,52.49,Zone V (Very High Risk),Active / Normal
NER-TRN-ARU-0115,Arunachal Pradesh,Tawang,27.56965,91.86113,3100.3,High Alpine Glacier Valley,Higher Himalayan Crystalline (Gneiss/Schist),51.19,14.1,N,51.0,Bare Rock / Scree,Podzolic Alpine Soil,27.0,5.38,High Risk (Class 4),9.3,85.32,Zone V (Very High Risk),Active / Normal
NER-TRN-ARU-0116,Arunachal Pradesh,Tawang,27.59525,91.84865,2935.5,High Alpine Glacier Valley,Higher Himalayan Crystalline (Gneiss/Schist),30.17,278.3,W,27.86,Bare Rock / Scree,Podzolic Alpine Soil,31.9,5.97,High Risk (Class 4),4.8,106.5,Zone V (Very High Risk),Active / Normal
NER-TRN-ARU-0117,Arunachal Pradesh,Tawang,27.5954,91.87045,3158.7,High Alpine Glacier Valley,Higher Himalayan Crystalline (Gneiss/Schist),20.31,236.4,SW,25.7,Sub-alpine Coniferous Forest,Gravelly Mountain Soil,31.3,5.78,High Risk (Class 4),4.2,44.12,Zone V (Very High Risk),Active / Normal
NER-TRN-ARU-0118,Arunachal Pradesh,Tawang,27.57922,91.86855,2950.9,High Alpine Glacier Valley,Higher Himalayan Crystalline (Gneiss/Schist),48.48,92.9,E,43.48,Alpine Meadow / Scrub,Gravelly Mountain Soil,45.9,5.6,Very High Risk (Class 5),7.1,95.54,Zone V (Very High Risk),Active / Normal
NER-TRN-ARU-0119,Arunachal Pradesh,Tawang,27.58356,91.85886,2932.6,High Alpine Glacier Valley,Higher Himalayan Crystalline (Gneiss/Schist),24.77,231.8,SW,24.56,Alpine Meadow / Scrub,Gravelly Mountain Soil,22.6,5.51,Moderate Risk (Class 3),6.1,57.0,Zone V (Very High Risk),Active / Normal
NER-TRN-ARU-0120,Arunachal Pradesh,Tawang,27.58011,91.8482,3161.5,High Alpine Glacier Valley,Higher Himalayan Crystalline (Gneiss/Schist),45.9,235.0,SW,42.36,Sub-alpine Coniferous Forest,Podzolic Alpine Soil,54.0,4.59,High Risk (Class 4),9.7,154.81,Zone V (Very High Risk),Active / Normal
NER-TRN-ARU-0121,Arunachal Pradesh,Dirang,27.34288,92.22791,1440.3,Intermontane River Basin,Lesser Himalayan Metasediments,51.85,279.4,W,46.69,Dense Evergreen Broadleaf Forest,Gravelly Mountain Soil,47.0,5.51,High Risk (Class 4),8.7,106.14,Zone V (Very High Risk),Active / Normal
NER-TRN-ARU-0122,Arunachal Pradesh,Dirang,27.34302,92.22376,1649.8,Intermontane River Basin,Lesser Himalayan Metasediments,32.03,319.6,NW,30.71,Degraded Forest / Bamboo Brake,Gravelly Mountain Soil,39.7,6.25,Moderate Risk (Class 3),4.0,102.21,Zone V (Very High Risk),Active / Normal
NER-TRN-ARU-0123,Arunachal Pradesh,Dirang,27.36817,92.24959,1481.4,Intermontane River Basin,Lesser Himalayan Metasediments,31.16,223.5,SW,27.95,Dense Evergreen Broadleaf Forest,Gravelly Mountain Soil,39.2,6.09,Moderate Risk (Class 3),4.5,55.48,Zone V (Very High Risk),Active / Normal
NER-TRN-ARU-0124,Arunachal Pradesh,Dirang,27.34384,92.22703,1441.9,Intermontane River Basin,Lesser Himalayan Metasediments,26.13,173.1,S,30.51,Terrace Farming,Podzolic Alpine Soil,23.6,5.57,High Risk (Class 4),4.2,52.45,Zone V (Very High Risk),Active / Normal
NER-TRN-ARU-0125,Arunachal Pradesh,Dirang,27.36776,92.23905,1638.3,Intermontane River Basin,Lesser Himalayan Metasediments,32.75,88.5,E,34.67,Degraded Forest / Bamboo Brake,Forest Brown Soil,60.4,5.76,Moderate Risk (Class 3),5.2,66.33,Zone V (Very High Risk),Active / Normal
NER-TRN-ARU-0126,Arunachal Pradesh,Dirang,27.35908,92.23518,1454.3,Intermontane River Basin,Lesser Himalayan Metasediments,34.46,318.8,NW,34.52,Degraded Forest / Bamboo Brake,Forest Brown Soil,55.2,5.99,High Risk (Class 4),6.1,44.89,Zone V (Very High Risk),Active / Normal
NER-TRN-ARU-0127,Arunachal Pradesh,Dirang,27.33883,92.22077,1451.0,Intermontane River Basin,Lesser Himalayan Metasediments,43.49,48.6,NE,42.67,Dense Evergreen Broadleaf Forest,Gravelly Mountain Soil,67.3,5.81,Very High Risk (Class 5),9.7,157.65,Zone V (Very High Risk),Active / Normal
NER-TRN-ARU-0128,Arunachal Pradesh,Dirang,27.37683,92.25085,1466.5,Intermontane River Basin,Lesser Himalayan Metasediments,28.56,54.0,NE,30.56,Terrace Farming,Podzolic Alpine Soil,62.0,4.91,Moderate Risk (Class 3),4.6,69.66,Zone V (Very High Risk),Active / Normal
NER-TRN-ARU-0129,Arunachal Pradesh,Dirang,27.37714,92.23218,1563.9,Intermontane River Basin,Lesser Himalayan Metasediments,19.5,114.3,SE,18.36,Shift Agriculture (Jhum),Gravelly Mountain Soil,35.8,6.05,Moderate Risk (Class 3),5.4,46.96,Zone V (Very High Risk),Active / Normal
NER-TRN-ARU-0130,Arunachal Pradesh,Dirang,27.37484,92.24391,1490.5,Intermontane River Basin,Lesser Himalayan Metasediments,40.01,102.0,E,40.55,Dense Evergreen Broadleaf Forest,Podzolic Alpine Soil,62.6,5.47,High Risk (Class 4),7.6,64.79,Zone V (Very High Risk),Active / Normal
NER-TRN-MAN-0131,Manipur,Imphal,24.81884,93.91862,814.7,Intermontane Lacustrine Basin (Loktai Basin),Fluvio-Lacustrine Silt & Clay,13.68,33.8,NE,14.35,Subtropical Pine Forest,Red Clay Loam,44.9,5.36,Low Risk (Class 1),1.1,45.41,Zone V (Very High Risk),Active / Normal
NER-TRN-MAN-0132,Manipur,Imphal,24.80269,93.95382,734.7,Intermontane Lacustrine Basin (Loktai Basin),Fluvio-Lacustrine Silt & Clay,21.24,105.0,E,20.83,Subtropical Pine Forest,Lacustrine Silt Clay,29.7,6.0,Very High Risk (Class 5),9.8,63.88,Zone V (Very High Risk),Active / Normal
NER-TRN-MAN-0133,Manipur,Imphal,24.8082,93.94672,863.2,Intermontane Lacustrine Basin (Loktai Basin),Fluvio-Lacustrine Silt & Clay,11.65,289.6,W,14.42,Terrace Farming,Lacustrine Silt Clay,53.0,6.58,Low Risk (Class 1),2.2,35.02,Zone V (Very High Risk),Active / Normal
NER-TRN-MAN-0134,Manipur,Imphal,24.80481,93.95505,882.8,Intermontane Lacustrine Basin (Loktai Basin),Fluvio-Lacustrine Silt & Clay,15.13,238.1,SW,20.8,Dense Mixed Evergreen Forest,Lacustrine Silt Clay,38.1,5.63,Moderate Risk (Class 3),4.5,23.99,Zone V (Very High Risk),Active / Normal
NER-TRN-MAN-0135,Manipur,Imphal,24.81079,93.93608,739.4,Intermontane Lacustrine Basin (Loktai Basin),Fluvio-Lacustrine Silt & Clay,11.05,334.9,NW,13.99,Dense Mixed Evergreen Forest,Ferruginous Red Soil,29.9,4.96,Low Risk (Class 1),3.8,32.06,Zone V (Very High Risk),Active / Normal
NER-TRN-MAN-0136,Manipur,Imphal,24.82887,93.95046,808.6,Intermontane Lacustrine Basin (Loktai Basin),Fluvio-Lacustrine Silt & Clay,11.97,191.0,S,17.15,Shift Agriculture (Jhum),Red Clay Loam,66.3,5.46,Low Risk (Class 1),3.9,32.48,Zone V (Very High Risk),Active / Normal
NER-TRN-MAN-0137,Manipur,Imphal,24.79837,93.92518,719.0,Intermontane Lacustrine Basin (Loktai Basin),Fluvio-Lacustrine Silt & Clay,23.44,10.0,N,28.13,Dense Mixed Evergreen Forest,Ferruginous Red Soil,66.1,4.81,Moderate Risk (Class 3),5.0,84.82,Zone V (Very High Risk),Active / Normal
NER-TRN-MAN-0138,Manipur,Imphal,24.81716,93.95215,697.8,Intermontane Lacustrine Basin (Loktai Basin),Fluvio-Lacustrine Silt & Clay,23.62,76.9,E,27.44,Terrace Farming,Red Clay Loam,26.0,5.54,High Risk (Class 4),7.2,82.23,Zone V (Very High Risk),Active / Normal
NER-TRN-MAN-0139,Manipur,Imphal,24.80011,93.92056,742.8,Intermontane Lacustrine Basin (Loktai Basin),Fluvio-Lacustrine Silt & Clay,24.03,136.9,SE,24.89,Subtropical Pine Forest,Ferruginous Red Soil,45.1,6.03,Moderate Risk (Class 3),4.4,46.25,Zone V (Very High Risk),Active / Normal
NER-TRN-MAN-0140,Manipur,Imphal,24.8335,93.94117,839.1,Intermontane Lacustrine Basin (Loktai Basin),Fluvio-Lacustrine Silt & Clay,10.59,342.9,N,15.72,Subtropical Pine Forest,Ferruginous Red Soil,39.0,6.79,Low Risk (Class 1),2.0,20.74,Zone V (Very High Risk),Active / Normal
NER-TRN-MAN-0141,Manipur,Churachandpur,24.32241,93.67079,876.6,Dissected Western Hill Ranges,Disang Group Shales & Mudstones,26.97,140.9,SE,31.25,Shift Agriculture (Jhum),Lacustrine Silt Clay,27.3,5.03,Very High Risk (Class 5),8.9,72.63,Zone V (Very High Risk),Active / Normal
NER-TRN-MAN-0142,Manipur,Churachandpur,24.3491,93.70246,936.5,Dissected Western Hill Ranges,Disang Group Shales & Mudstones,18.73,159.9,S,23.27,Shift Agriculture (Jhum),Lacustrine Silt Clay,37.2,5.95,Moderate Risk (Class 3),4.7,36.36,Zone V (Very High Risk),Active / Normal
NER-TRN-MAN-0143,Manipur,Churachandpur,24.32774,93.68743,967.8,Dissected Western Hill Ranges,Disang Group Shales & Mudstones,34.41,99.8,E,30.83,Dense Evergreen Broadleaf Forest,Ferruginous Red Soil,58.6,5.39,Moderate Risk (Class 3),6.2,95.94,Zone V (Very High Risk),Active / Normal
NER-TRN-MAN-0144,Manipur,Churachandpur,24.33778,93.67554,907.5,Dissected Western Hill Ranges,Disang Group Shales & Mudstones,41.39,298.5,NW,38.51,Exposed Rock Ridge,Red Clay Loam,63.1,5.57,High Risk (Class 4),9.2,56.69,Zone V (Very High Risk),Active / Normal
NER-TRN-MAN-0145,Manipur,Churachandpur,24.31666,93.70064,818.9,Dissected Western Hill Ranges,Disang Group Shales & Mudstones,20.83,298.3,NW,23.05,Dense Mixed Evergreen Forest,Ferruginous Red Soil,47.3,5.55,Moderate Risk (Class 3),5.2,29.68,Zone V (Very High Risk),Active / Normal
NER-TRN-MAN-0146,Manipur,Churachandpur,24.33029,93.68253,1020.1,Dissected Western Hill Ranges,Disang Group Shales & Mudstones,42.4,44.3,NE,40.45,Exposed Rock Ridge,Ferruginous Red Soil,44.5,4.92,Very High Risk (Class 5),9.1,57.26,Zone V (Very High Risk),Active / Normal
NER-TRN-MAN-0147,Manipur,Churachandpur,24.33908,93.69868,998.7,Dissected Western Hill Ranges,Disang Group Shales & Mudstones,49.54,142.5,SE,47.73,Dense Evergreen Broadleaf Forest,Red Clay Loam,67.7,4.85,High Risk (Class 4),7.9,107.53,Zone V (Very High Risk),Active / Normal
NER-TRN-MAN-0148,Manipur,Churachandpur,24.31672,93.69719,828.0,Dissected Western Hill Ranges,Disang Group Shales & Mudstones,29.62,48.1,NE,31.87,Terrace Farming,Lacustrine Silt Clay,67.2,5.48,Very High Risk (Class 5),8.8,45.52,Zone V (Very High Risk),Active / Normal
NER-TRN-MAN-0149,Manipur,Churachandpur,24.32644,93.67407,802.3,Dissected Western Hill Ranges,Disang Group Shales & Mudstones,47.13,37.6,NE,47.74,Degraded Forest / Bamboo Brake,Red Clay Loam,58.2,4.55,High Risk (Class 4),8.7,150.89,Zone V (Very High Risk),Active / Normal
NER-TRN-MAN-0150,Manipur,Churachandpur,24.32164,93.70177,959.8,Dissected Western Hill Ranges,Disang Group Shales & Mudstones,35.33,25.9,NE,36.77,Degraded Forest / Bamboo Brake,Ferruginous Red Soil,30.3,4.79,Very High Risk (Class 5),7.0,128.51,Zone V (Very High Risk),Active / Normal
NER-TRN-MAN-0151,Manipur,Ukhrul,25.11038,94.36546,1727.5,High Elevation Folded Ridge,Indo-Myanmar Ophiolite Belt,44.48,80.1,E,39.88,Dense Evergreen Broadleaf Forest,Lacustrine Silt Clay,65.9,5.8,Very High Risk (Class 5),7.6,97.42,Zone V (Very High Risk),Active / Normal
NER-TRN-MAN-0152,Manipur,Ukhrul,25.13244,94.36499,1622.8,High Elevation Folded Ridge,Indo-Myanmar Ophiolite Belt,41.65,8.8,N,41.27,Exposed Rock Ridge,Lacustrine Silt Clay,40.0,5.54,Very High Risk (Class 5),7.7,69.48,Zone V (Very High Risk),Active / Normal
NER-TRN-MAN-0153,Manipur,Ukhrul,25.12306,94.35658,1698.2,High Elevation Folded Ridge,Indo-Myanmar Ophiolite Belt,22.86,44.6,NE,23.67,Subtropical Pine Forest,Ferruginous Red Soil,27.9,5.53,Moderate Risk (Class 3),6.9,64.29,Zone V (Very High Risk),Active / Normal
NER-TRN-MAN-0154,Manipur,Ukhrul,25.1229,94.38059,1739.9,High Elevation Folded Ridge,Indo-Myanmar Ophiolite Belt,41.58,326.4,NW,39.99,Exposed Rock Ridge,Lacustrine Silt Clay,36.4,5.9,High Risk (Class 4),7.2,94.12,Zone V (Very High Risk),Active / Normal
NER-TRN-MAN-0155,Manipur,Ukhrul,25.12647,94.38541,1708.2,High Elevation Folded Ridge,Indo-Myanmar Ophiolite Belt,42.53,108.9,E,38.45,Exposed Rock Ridge,Lacustrine Silt Clay,63.6,6.76,High Risk (Class 4),8.5,97.32,Zone V (Very High Risk),Active / Normal
NER-TRN-MAN-0156,Manipur,Ukhrul,25.12711,94.35943,1699.9,High Elevation Folded Ridge,Indo-Myanmar Ophiolite Belt,45.15,244.2,SW,43.26,Exposed Rock Ridge,Ferruginous Red Soil,36.1,5.78,High Risk (Class 4),7.3,119.89,Zone V (Very High Risk),Active / Normal
NER-TRN-MAN-0157,Manipur,Ukhrul,25.11885,94.37204,1720.4,High Elevation Folded Ridge,Indo-Myanmar Ophiolite Belt,35.34,15.7,N,35.69,Exposed Rock Ridge,Red Clay Loam,54.5,5.51,High Risk (Class 4),9.3,65.53,Zone V (Very High Risk),Active / Normal
NER-TRN-MAN-0158,Manipur,Ukhrul,25.11617,94.37185,1596.5,High Elevation Folded Ridge,Indo-Myanmar Ophiolite Belt,49.53,10.3,N,49.78,Degraded Forest / Bamboo Brake,Ferruginous Red Soil,64.9,5.12,Very High Risk (Class 5),8.7,170.93,Zone V (Very High Risk),Active / Normal
NER-TRN-MAN-0159,Manipur,Ukhrul,25.13223,94.35608,1559.1,High Elevation Folded Ridge,Indo-Myanmar Ophiolite Belt,29.02,84.4,E,29.77,Subtropical Pine Forest,Lacustrine Silt Clay,27.9,5.79,High Risk (Class 4),9.2,44.57,Zone V (Very High Risk),Active / Normal
NER-TRN-MAN-0160,Manipur,Ukhrul,25.11705,94.38053,1748.2,High Elevation Folded Ridge,Indo-Myanmar Ophiolite Belt,28.48,318.2,NW,27.67,Shift Agriculture (Jhum),Red Clay Loam,57.6,4.72,Very High Risk (Class 5),7.5,38.27,Zone V (Very High Risk),Active / Normal
NER-TRN-MIZ-0161,Mizoram,Aizawl,23.71496,92.72481,1118.2,Linear Steep Mountain Ridge,Surma Group Alternating Sandstone & Shale,31.46,205.7,SW,28.49,Degraded Forest / Bamboo Brake,Silty Clay,44.3,5.19,Very High Risk (Class 5),7.3,89.52,Zone V (Very High Risk),Active / Normal
NER-TRN-MIZ-0162,Mizoram,Aizawl,23.72334,92.71244,1069.3,Linear Steep Mountain Ridge,Surma Group Alternating Sandstone & Shale,24.39,265.5,W,22.33,Terrace Farming,Residual Red Clay,40.6,5.23,Very High Risk (Class 5),9.1,62.64,Zone V (Very High Risk),Active / Normal
NER-TRN-MIZ-0163,Mizoram,Aizawl,23.74341,92.70191,1236.0,Linear Steep Mountain Ridge,Surma Group Alternating Sandstone & Shale,25.97,73.4,E,29.88,Subtropical Pine Forest,Residual Red Clay,59.5,4.64,High Risk (Class 4),8.2,61.39,Zone V (Very High Risk),Active / Normal
NER-TRN-MIZ-0164,Mizoram,Aizawl,23.73764,92.71174,1111.4,Linear Steep Mountain Ridge,Surma Group Alternating Sandstone & Shale,37.16,213.9,SW,36.48,Dense Evergreen Broadleaf Forest,Sandstone Derived Loam,57.7,5.8,Very High Risk (Class 5),9.0,95.95,Zone V (Very High Risk),Active / Normal
NER-TRN-MIZ-0165,Mizoram,Aizawl,23.71995,92.72742,1052.3,Linear Steep Mountain Ridge,Surma Group Alternating Sandstone & Shale,44.5,31.5,NE,39.03,Degraded Forest / Bamboo Brake,Silty Clay,33.2,5.79,Very High Risk (Class 5),8.9,140.32,Zone V (Very High Risk),Active / Normal
NER-TRN-MIZ-0166,Mizoram,Aizawl,23.74001,92.7348,1156.0,Linear Steep Mountain Ridge,Surma Group Alternating Sandstone & Shale,34.07,140.5,SE,34.48,Dense Evergreen Broadleaf Forest,Residual Red Clay,34.0,4.69,Very High Risk (Class 5),8.9,118.16,Zone V (Very High Risk),Active / Normal
NER-TRN-MIZ-0167,Mizoram,Aizawl,23.73436,92.70666,1056.8,Linear Steep Mountain Ridge,Surma Group Alternating Sandstone & Shale,24.85,289.5,W,24.92,Shift Agriculture (Jhum),Silty Clay,54.5,6.73,High Risk (Class 4),7.1,32.32,Zone V (Very High Risk),Active / Normal
NER-TRN-MIZ-0168,Mizoram,Aizawl,23.73723,92.72545,1023.8,Linear Steep Mountain Ridge,Surma Group Alternating Sandstone & Shale,43.6,83.7,E,44.22,Exposed Rock Ridge,Sandstone Derived Loam,41.0,4.93,Very High Risk (Class 5),9.4,158.04,Zone V (Very High Risk),Maintenance Required
NER-TRN-MIZ-0169,Mizoram,Aizawl,23.72755,92.73452,1016.7,Linear Steep Mountain Ridge,Surma Group Alternating Sandstone & Shale,22.66,131.2,SE,23.21,Shift Agriculture (Jhum),Silty Clay,40.1,5.35,Very High Risk (Class 5),8.9,28.04,Zone V (Very High Risk),Active / Normal
NER-TRN-MIZ-0170,Mizoram,Aizawl,23.73432,92.703,1249.3,Linear Steep Mountain Ridge,Surma Group Alternating Sandstone & Shale,30.01,181.9,S,26.94,Degraded Forest / Bamboo Brake,Sandstone Derived Loam,40.7,6.44,Moderate Risk (Class 3),4.1,39.2,Zone V (Very High Risk),Active / Normal
NER-TRN-MIZ-0171,Mizoram,Lunglei,22.87014,92.75085,682.0,Anticline Ridge Flank,Bhuban Formation Sandstone,13.56,341.2,N,13.94,Terrace Farming,Residual Red Clay,36.0,4.91,Very Low Risk (Class 2),3.3,16.69,Zone V (Very High Risk),Active / Normal
NER-TRN-MIZ-0172,Mizoram,Lunglei,22.90548,92.72026,712.6,Anticline Ridge Flank,Bhuban Formation Sandstone,23.18,87.3,E,23.41,Terrace Farming,Silty Clay,45.3,6.02,High Risk (Class 4),9.1,48.84,Zone V (Very High Risk),Active / Normal
NER-TRN-MIZ-0173,Mizoram,Lunglei,22.88766,92.71983,813.7,Anticline Ridge Flank,Bhuban Formation Sandstone,13.29,174.9,S,19.17,Terrace Farming,Silty Clay,24.7,6.22,Very Low Risk (Class 2),1.2,32.17,Zone V (Very High Risk),Active / Normal
NER-TRN-MIZ-0174,Mizoram,Lunglei,22.90001,92.72454,706.7,Anticline Ridge Flank,Bhuban Formation Sandstone,9.78,181.4,S,13.42,Terrace Farming,Sandstone Derived Loam,32.3,4.61,Low Risk (Class 1),1.7,13.76,Zone V (Very High Risk),Active / Normal
NER-TRN-MIZ-0175,Mizoram,Lunglei,22.89367,92.72752,751.4,Anticline Ridge Flank,Bhuban Formation Sandstone,12.44,170.5,S,15.48,Subtropical Pine Forest,Residual Red Clay,36.2,4.9,Low Risk (Class 1),2.5,25.39,Zone V (Very High Risk),Active / Normal
NER-TRN-MIZ-0176,Mizoram,Lunglei,22.89025,92.72582,688.4,Anticline Ridge Flank,Bhuban Formation Sandstone,10.25,221.6,SW,16.42,Terrace Farming,Residual Red Clay,24.0,6.73,Low Risk (Class 1),3.5,18.47,Zone V (Very High Risk),Active / Normal
NER-TRN-MIZ-0177,Mizoram,Lunglei,22.8976,92.7219,658.8,Anticline Ridge Flank,Bhuban Formation Sandstone,23.31,117.7,SE,23.42,Terrace Farming,Sandstone Derived Loam,24.3,4.65,Moderate Risk (Class 3),6.8,44.46,Zone V (Very High Risk),Active / Normal
NER-TRN-MIZ-0178,Mizoram,Lunglei,22.8783,92.7343,662.8,Anticline Ridge Flank,Bhuban Formation Sandstone,24.34,147.9,SE,25.45,Shift Agriculture (Jhum),Sandstone Derived Loam,43.0,5.0,High Risk (Class 4),5.3,64.65,Zone V (Very High Risk),Active / Normal
NER-TRN-MIZ-0179,Mizoram,Lunglei,22.86913,92.71528,678.7,Anticline Ridge Flank,Bhuban Formation Sandstone,8.89,357.4,N,13.09,Shift Agriculture (Jhum),Silty Clay,41.2,4.79,Low Risk (Class 1),2.1,14.3,Zone V (Very High Risk),Active / Normal
NER-TRN-MIZ-0180,Mizoram,Lunglei,22.90723,92.72842,838.6,Anticline Ridge Flank,Bhuban Formation Sandstone,16.14,291.8,W,18.54,Subtropical Pine Forest,Sandstone Derived Loam,59.3,5.54,Moderate Risk (Class 3),5.6,31.03,Zone V (Very High Risk),Active / Normal
NER-TRN-NAG-0181,Nagaland,Kohima,25.67354,94.12069,1428.2,High Folded Mountain Crest,Disang-Barail Thrust Zone Shales,48.03,206.9,SW,44.44,Exposed Rock Ridge,Humus Forest Loam,52.1,5.63,Very High Risk (Class 5),7.9,163.56,Zone V (Very High Risk),Active / Normal
NER-TRN-NAG-0182,Nagaland,Kohima,25.67305,94.09459,1475.6,High Folded Mountain Crest,Disang-Barail Thrust Zone Shales,21.44,111.7,E,21.71,Shift Agriculture (Jhum),Humus Forest Loam,60.5,6.11,Moderate Risk (Class 3),5.8,45.09,Zone V (Very High Risk),Active / Normal
NER-TRN-NAG-0183,Nagaland,Kohima,25.69197,94.10483,1330.9,High Folded Mountain Crest,Disang-Barail Thrust Zone Shales,33.41,266.9,W,31.04,Exposed Rock Ridge,Heavy Red Clay,47.1,6.51,High Risk (Class 4),7.5,91.39,Zone V (Very High Risk),Active / Normal
NER-TRN-NAG-0184,Nagaland,Kohima,25.6557,94.11323,1375.5,High Folded Mountain Crest,Disang-Barail Thrust Zone Shales,43.0,236.4,SW,44.06,Exposed Rock Ridge,Heavy Red Clay,58.3,6.7,High Risk (Class 4),9.4,126.3,Zone V (Very High Risk),Active / Normal
NER-TRN-NAG-0185,Nagaland,Kohima,25.68772,94.10363,1360.4,High Folded Mountain Crest,Disang-Barail Thrust Zone Shales,31.02,132.1,SE,34.57,Degraded Forest / Bamboo Brake,Silty Loam,59.6,4.61,Moderate Risk (Class 3),5.2,90.59,Zone V (Very High Risk),Active / Normal
NER-TRN-NAG-0186,Nagaland,Kohima,25.65614,94.09159,1552.6,High Folded Mountain Crest,Disang-Barail Thrust Zone Shales,50.21,20.7,N,46.22,Degraded Forest / Bamboo Brake,Heavy Red Clay,65.6,4.75,High Risk (Class 4),8.0,174.34,Zone V (Very High Risk),Active / Normal
NER-TRN-NAG-0187,Nagaland,Kohima,25.6817,94.11208,1409.2,High Folded Mountain Crest,Disang-Barail Thrust Zone Shales,49.23,356.7,N,46.77,Exposed Rock Ridge,Humus Forest Loam,34.9,4.58,High Risk (Class 4),9.5,118.17,Zone V (Very High Risk),Active / Normal
NER-TRN-NAG-0188,Nagaland,Kohima,25.67348,94.09552,1419.9,High Folded Mountain Crest,Disang-Barail Thrust Zone Shales,47.67,169.2,S,48.2,Exposed Rock Ridge,Silty Loam,22.8,6.44,High Risk (Class 4),8.1,57.45,Zone V (Very High Risk),Active / Normal
NER-TRN-NAG-0189,Nagaland,Kohima,25.69246,94.11283,1498.2,High Folded Mountain Crest,Disang-Barail Thrust Zone Shales,45.04,298.4,NW,40.03,Exposed Rock Ridge,Humus Forest Loam,24.6,6.05,High Risk (Class 4),7.3,114.44,Zone V (Very High Risk),Active / Normal
NER-TRN-NAG-0190,Nagaland,Kohima,25.66117,94.12531,1403.3,High Folded Mountain Crest,Disang-Barail Thrust Zone Shales,46.72,316.6,NW,47.58,Dense Evergreen Broadleaf Forest,Humus Forest Loam,24.6,6.75,Very High Risk (Class 5),7.7,98.95,Zone V (Very High Risk),Active / Normal
NER-TRN-NAG-0191,Nagaland,Dimapur,25.91239,93.74201,123.1,Foothill Alluvial Plain,Quaternary Alluvium & Gravels,18.63,242.0,SW,21.84,Riverine Marsh / Wetlands,Heavy Red Clay,35.3,5.65,Moderate Risk (Class 3),5.6,62.19,Zone V (Very High Risk),Active / Normal
NER-TRN-NAG-0192,Nagaland,Dimapur,25.89966,93.71152,179.5,Foothill Alluvial Plain,Quaternary Alluvium & Gravels,16.0,325.8,NW,16.91,Riverine Marsh / Wetlands,Humus Forest Loam,47.8,5.75,High Risk (Class 4),4.6,38.73,Zone V (Very High Risk),Active / Normal
NER-TRN-NAG-0193,Nagaland,Dimapur,25.89346,93.73841,123.7,Foothill Alluvial Plain,Quaternary Alluvium & Gravels,11.75,235.1,SW,14.9,Settlement / Built-up,Silty Loam,60.7,6.09,Low Risk (Class 1),1.5,18.79,Zone V (Very High Risk),Active / Normal
NER-TRN-NAG-0194,Nagaland,Dimapur,25.92176,93.72946,176.6,Foothill Alluvial Plain,Quaternary Alluvium & Gravels,20.83,2.7,N,25.8,Tea Plantation,Heavy Red Clay,47.2,5.64,High Risk (Class 4),9.7,43.6,Zone V (Very High Risk),Active / Normal
NER-TRN-NAG-0195,Nagaland,Dimapur,25.91815,93.7358,111.4,Foothill Alluvial Plain,Quaternary Alluvium & Gravels,14.85,6.4,N,18.04,Tea Plantation,Humus Forest Loam,51.0,6.54,Low Risk (Class 1),2.4,54.49,Zone V (Very High Risk),Active / Normal
NER-TRN-NAG-0196,Nagaland,Dimapur,25.90736,93.70977,144.5,Foothill Alluvial Plain,Quaternary Alluvium & Gravels,21.11,297.5,NW,22.18,Settlement / Built-up,Humus Forest Loam,48.9,5.4,Moderate Risk (Class 3),4.0,27.84,Zone V (Very High Risk),Active / Normal
NER-TRN-NAG-0197,Nagaland,Dimapur,25.88673,93.72924,133.7,Foothill Alluvial Plain,Quaternary Alluvium & Gravels,17.64,194.7,S,16.53,Settlement / Built-up,Silty Loam,37.3,4.91,Moderate Risk (Class 3),5.6,63.84,Zone V (Very High Risk),Active / Normal
NER-TRN-NAG-0198,Nagaland,Dimapur,25.89457,93.73865,151.3,Foothill Alluvial Plain,Quaternary Alluvium & Gravels,20.13,172.5,S,19.57,Tea Plantation,Silty Loam,30.5,6.7,Moderate Risk (Class 3),5.5,34.53,Zone V (Very High Risk),Active / Normal
NER-TRN-NAG-0199,Nagaland,Dimapur,25.91279,93.739,155.9,Foothill Alluvial Plain,Quaternary Alluvium & Gravels,10.79,187.3,S,16.91,Riverine Marsh / Wetlands,Silty Loam,64.0,4.67,Low Risk (Class 1),2.9,39.66,Zone V (Very High Risk),Active / Normal
NER-TRN-NAG-0200,Nagaland,Dimapur,25.89317,93.7361,116.7,Foothill Alluvial Plain,Quaternary Alluvium & Gravels,15.24,232.3,SW,15.36,Settlement / Built-up,Heavy Red Clay,63.8,5.06,Moderate Risk (Class 3),4.3,53.09,Zone V (Very High Risk),Active / Normal
NER-TRN-TRI-0201,Tripura,Agartala,23.82349,91.28329,5.0,Floodplain & Low Tilla Terraces,Dupitila Formation Sand & Clay,1.88,214.7,SW,8.43,Settlement / Built-up,Alluvial Sandy Silt,23.8,6.62,Very Low Risk (Class 2),2.2,4.05,Zone IV (High Risk),Active / Normal
NER-TRN-TRI-0202,Tripura,Agartala,23.83322,91.30679,5.0,Floodplain & Low Tilla Terraces,Dupitila Formation Sand & Clay,5.2,49.7,NE,9.37,Riverine Marsh / Wetlands,Lunga Clayey Silt,28.7,4.6,Very Low Risk (Class 2),3.7,8.67,Zone IV (High Risk),Active / Normal
NER-TRN-TRI-0203,Tripura,Agartala,23.84726,91.28972,5.0,Floodplain & Low Tilla Terraces,Dupitila Formation Sand & Clay,5.09,13.4,N,9.28,Agricultural Paddy Land,Tilla Red Sandy Loam,27.5,6.28,Low Risk (Class 1),1.3,10.44,Zone IV (High Risk),Active / Normal
NER-TRN-TRI-0204,Tripura,Agartala,23.83943,91.30164,6.1,Floodplain & Low Tilla Terraces,Dupitila Formation Sand & Clay,7.86,357.2,N,11.2,Tea Plantation,Alluvial Sandy Silt,40.1,5.37,Very Low Risk (Class 2),1.6,23.24,Zone IV (High Risk),Active / Normal
NER-TRN-TRI-0205,Tripura,Agartala,23.84772,91.27493,5.0,Floodplain & Low Tilla Terraces,Dupitila Formation Sand & Clay,5.38,134.1,SE,11.04,Agricultural Paddy Land,Alluvial Sandy Silt,25.3,5.45,Very Low Risk (Class 2),3.0,19.82,Zone IV (High Risk),Active / Normal
NER-TRN-TRI-0206,Tripura,Agartala,23.81597,91.29115,25.8,Floodplain & Low Tilla Terraces,Dupitila Formation Sand & Clay,3.9,50.7,NE,10.71,Riverine Marsh / Wetlands,Alluvial Sandy Silt,24.3,5.35,Low Risk (Class 1),3.3,12.78,Zone IV (High Risk),Active / Normal
NER-TRN-TRI-0207,Tripura,Agartala,23.83957,91.26769,5.0,Floodplain & Low Tilla Terraces,Dupitila Formation Sand & Clay,0.94,224.5,SW,8.46,Agricultural Paddy Land,Alluvial Sandy Silt,67.7,6.73,Very Low Risk (Class 2),1.3,2.39,Zone IV (High Risk),Active / Normal
NER-TRN-TRI-0208,Tripura,Agartala,23.82715,91.27398,40.6,Floodplain & Low Tilla Terraces,Dupitila Formation Sand & Clay,7.61,120.6,SE,8.17,Riverine Marsh / Wetlands,Tilla Red Sandy Loam,47.4,6.06,Very Low Risk (Class 2),2.0,24.48,Zone IV (High Risk),Active / Normal
NER-TRN-TRI-0209,Tripura,Agartala,23.8489,91.27268,5.0,Floodplain & Low Tilla Terraces,Dupitila Formation Sand & Clay,5.87,298.3,NW,13.45,Agricultural Paddy Land,Tilla Red Sandy Loam,31.4,5.88,Very Low Risk (Class 2),1.5,18.26,Zone IV (High Risk),Active / Normal
NER-TRN-TRI-0210,Tripura,Agartala,23.8421,91.29108,21.0,Floodplain & Low Tilla Terraces,Dupitila Formation Sand & Clay,1.92,178.8,S,7.5,Tea Plantation,Tilla Red Sandy Loam,22.4,6.38,Very Low Risk (Class 2),2.2,6.22,Zone IV (High Risk),Active / Normal
NER-TRN-TRI-0211,Tripura,Udaipur,23.51684,91.49785,6.9,Gumti River Valley & Low Ridges,Unconsolidated Clayish Silt,3.36,114.4,SE,5.89,Agricultural Paddy Land,Alluvial Sandy Silt,30.9,4.55,Very Low Risk (Class 2),1.4,5.9,Zone IV (High Risk),Active / Normal
NER-TRN-TRI-0212,Tripura,Udaipur,23.54043,91.47884,5.0,Gumti River Valley & Low Ridges,Unconsolidated Clayish Silt,5.58,211.9,SW,11.15,Agricultural Paddy Land,Tilla Red Sandy Loam,55.4,6.11,Low Risk (Class 1),1.4,18.69,Zone IV (High Risk),Active / Normal
NER-TRN-TRI-0213,Tripura,Udaipur,23.52807,91.48751,45.4,Gumti River Valley & Low Ridges,Unconsolidated Clayish Silt,0.56,184.4,S,5.85,Riverine Marsh / Wetlands,Alluvial Sandy Silt,33.3,6.17,Low Risk (Class 1),3.7,0.78,Zone IV (High Risk),Active / Normal
NER-TRN-TRI-0214,Tripura,Udaipur,23.55248,91.46772,26.8,Gumti River Valley & Low Ridges,Unconsolidated Clayish Silt,2.86,239.2,SW,8.48,Riverine Marsh / Wetlands,Tilla Red Sandy Loam,44.5,6.79,Low Risk (Class 1),2.7,5.63,Zone IV (High Risk),Active / Normal
NER-TRN-TRI-0215,Tripura,Udaipur,23.52057,91.47369,14.8,Gumti River Valley & Low Ridges,Unconsolidated Clayish Silt,1.26,150.7,SE,6.98,Tea Plantation,Lunga Clayey Silt,49.4,6.65,Low Risk (Class 1),2.9,2.63,Zone IV (High Risk),Active / Normal
NER-TRN-TRI-0216,Tripura,Udaipur,23.54733,91.48229,5.0,Gumti River Valley & Low Ridges,Unconsolidated Clayish Silt,5.2,40.1,NE,9.01,Agricultural Paddy Land,Tilla Red Sandy Loam,46.4,5.38,Very Low Risk (Class 2),2.7,6.37,Zone IV (High Risk),Active / Normal
NER-TRN-TRI-0217,Tripura,Udaipur,23.55264,91.46942,17.0,Gumti River Valley & Low Ridges,Unconsolidated Clayish Silt,1.58,30.7,NE,5.25,Agricultural Paddy Land,Alluvial Sandy Silt,55.2,4.9,Very Low Risk (Class 2),3.4,4.88,Zone IV (High Risk),Active / Normal
NER-TRN-TRI-0218,Tripura,Udaipur,23.54428,91.50187,48.8,Gumti River Valley & Low Ridges,Unconsolidated Clayish Silt,2.32,288.0,W,10.33,Riverine Marsh / Wetlands,Alluvial Sandy Silt,23.9,5.03,Very Low Risk (Class 2),1.9,7.23,Zone IV (High Risk),Active / Normal
NER-TRN-TRI-0219,Tripura,Udaipur,23.54351,91.48929,21.5,Gumti River Valley & Low Ridges,Unconsolidated Clayish Silt,2.69,24.6,NE,10.57,Riverine Marsh / Wetlands,Tilla Red Sandy Loam,46.7,4.73,Very Low Risk (Class 2),2.9,6.35,Zone IV (High Risk),Active / Normal
NER-TRN-TRI-0220,Tripura,Udaipur,23.51467,91.46969,34.5,Gumti River Valley & Low Ridges,Unconsolidated Clayish Silt,1.52,0.2,N,9.72,Riverine Marsh / Wetlands,Alluvial Sandy Silt,58.6,4.75,Low Risk (Class 1),2.3,4.54,Zone IV (High Risk),Active / Normal
NER-TRN-SIK-0221,Sikkim,Gangtok,27.34709,88.62338,1767.6,Steep Mountain Slope & Ridge,Daling Group Chlorite-Muscovite Schist,25.13,163.9,S,27.41,Dense Mixed Evergreen Forest,Alpine Glacial Till,44.5,5.89,Moderate Risk (Class 3),4.2,31.2,Zone V (Very High Risk),Active / Normal
NER-TRN-SIK-0222,Sikkim,Gangtok,27.3493,88.60932,1765.5,Steep Mountain Slope & Ridge,Daling Group Chlorite-Muscovite Schist,50.65,346.5,N,44.61,Degraded Forest / Bamboo Brake,Forest Humus Rich Brown Soil,43.9,4.93,High Risk (Class 4),7.4,164.67,Zone V (Very High Risk),Active / Normal
NER-TRN-SIK-0223,Sikkim,Gangtok,27.32744,88.58986,1568.7,Steep Mountain Slope & Ridge,Daling Group Chlorite-Muscovite Schist,39.98,224.1,SW,36.48,Dense Evergreen Broadleaf Forest,Rocky Skeletal Soil,52.3,6.15,High Risk (Class 4),7.7,117.35,Zone V (Very High Risk),Active / Normal
NER-TRN-SIK-0224,Sikkim,Gangtok,27.32634,88.60038,1764.8,Steep Mountain Slope & Ridge,Daling Group Chlorite-Muscovite Schist,29.92,18.3,N,31.07,Subtropical Pine Forest,Forest Humus Rich Brown Soil,28.0,5.55,Moderate Risk (Class 3),5.0,37.1,Zone V (Very High Risk),Active / Normal
NER-TRN-SIK-0225,Sikkim,Gangtok,27.3477,88.60913,1725.6,Steep Mountain Slope & Ridge,Daling Group Chlorite-Muscovite Schist,28.65,105.6,E,28.92,Terrace Farming,Rocky Skeletal Soil,60.3,6.23,Moderate Risk (Class 3),4.7,71.52,Zone V (Very High Risk),Active / Normal
NER-TRN-SIK-0226,Sikkim,Gangtok,27.34864,88.58731,1743.3,Steep Mountain Slope & Ridge,Daling Group Chlorite-Muscovite Schist,30.09,95.9,E,33.79,Dense Evergreen Broadleaf Forest,Forest Humus Rich Brown Soil,37.2,5.88,High Risk (Class 4),6.0,103.39,Zone V (Very High Risk),Active / Normal
NER-TRN-SIK-0227,Sikkim,Gangtok,27.35302,88.5933,1605.9,Steep Mountain Slope & Ridge,Daling Group Chlorite-Muscovite Schist,34.26,333.5,NW,36.09,Degraded Forest / Bamboo Brake,Alpine Glacial Till,40.7,5.97,Moderate Risk (Class 3),5.2,129.31,Zone V (Very High Risk),Active / Normal
NER-TRN-SIK-0228,Sikkim,Gangtok,27.33178,88.62635,1572.8,Steep Mountain Slope & Ridge,Daling Group Chlorite-Muscovite Schist,32.42,2.6,N,32.24,Exposed Rock Ridge,Forest Humus Rich Brown Soil,39.8,6.26,Moderate Risk (Class 3),4.7,44.1,Zone V (Very High Risk),Active / Normal
NER-TRN-SIK-0229,Sikkim,Gangtok,27.35712,88.60909,1734.3,Steep Mountain Slope & Ridge,Daling Group Chlorite-Muscovite Schist,29.66,2.3,N,31.68,Subtropical Pine Forest,Alpine Glacial Till,42.6,5.0,High Risk (Class 4),6.3,104.38,Zone V (Very High Risk),Active / Normal
NER-TRN-SIK-0230,Sikkim,Gangtok,27.32186,88.58835,1556.0,Steep Mountain Slope & Ridge,Daling Group Chlorite-Muscovite Schist,51.8,56.9,NE,51.35,Exposed Rock Ridge,Alpine Glacial Till,61.0,5.67,Very High Risk (Class 5),7.9,169.69,Zone V (Very High Risk),Active / Normal
NER-TRN-SIK-0231,Sikkim,Namchi,27.16308,88.33173,1305.8,Mid-Himalayan Spur,Gondwana Sequence Sandstone,36.09,232.4,SW,33.53,Exposed Rock Ridge,Rocky Skeletal Soil,64.7,4.63,Very High Risk (Class 5),8.8,86.69,Zone V (Very High Risk),Active / Normal
NER-TRN-SIK-0232,Sikkim,Namchi,27.16682,88.35775,1227.7,Mid-Himalayan Spur,Gondwana Sequence Sandstone,19.02,30.2,NE,21.71,Terrace Farming,Forest Humus Rich Brown Soil,41.7,6.17,High Risk (Class 4),6.7,32.51,Zone V (Very High Risk),Active / Normal
NER-TRN-SIK-0233,Sikkim,Namchi,27.17235,88.34445,1416.6,Mid-Himalayan Spur,Gondwana Sequence Sandstone,43.27,157.1,SE,39.93,Dense Evergreen Broadleaf Forest,Rocky Skeletal Soil,29.8,6.78,High Risk (Class 4),7.2,141.98,Zone V (Very High Risk),Active / Normal
NER-TRN-SIK-0234,Sikkim,Namchi,27.17091,88.33705,1209.7,Mid-Himalayan Spur,Gondwana Sequence Sandstone,39.86,154.5,SE,35.89,Dense Evergreen Broadleaf Forest,Forest Humus Rich Brown Soil,58.1,5.89,Very High Risk (Class 5),8.3,114.05,Zone V (Very High Risk),Active / Normal
NER-TRN-SIK-0235,Sikkim,Namchi,27.17636,88.36579,1368.7,Mid-Himalayan Spur,Gondwana Sequence Sandstone,18.15,281.7,W,18.59,Shift Agriculture (Jhum),Alpine Glacial Till,45.9,6.39,Moderate Risk (Class 3),6.4,35.37,Zone V (Very High Risk),Active / Normal
NER-TRN-SIK-0236,Sikkim,Namchi,27.17023,88.35756,1349.5,Mid-Himalayan Spur,Gondwana Sequence Sandstone,24.25,246.3,SW,26.35,Subtropical Pine Forest,Forest Humus Rich Brown Soil,65.7,6.34,Moderate Risk (Class 3),5.7,50.79,Zone V (Very High Risk),Active / Normal
NER-TRN-SIK-0237,Sikkim,Namchi,27.14941,88.35392,1208.9,Mid-Himalayan Spur,Gondwana Sequence Sandstone,39.58,229.3,SW,39.32,Exposed Rock Ridge,Forest Humus Rich Brown Soil,38.6,4.9,Very High Risk (Class 5),7.4,87.13,Zone V (Very High Risk),Active / Normal
NER-TRN-SIK-0238,Sikkim,Namchi,27.16359,88.36455,1226.6,Mid-Himalayan Spur,Gondwana Sequence Sandstone,46.31,130.3,SE,46.16,Dense Evergreen Broadleaf Forest,Rocky Skeletal Soil,29.0,5.06,Very High Risk (Class 5),9.3,113.32,Zone V (Very High Risk),Active / Normal
NER-TRN-SIK-0239,Sikkim,Namchi,27.16215,88.36701,1349.4,Mid-Himalayan Spur,Gondwana Sequence Sandstone,37.72,218.9,SW,38.62,Degraded Forest / Bamboo Brake,Rocky Skeletal Soil,51.7,6.05,High Risk (Class 4),9.7,50.06,Zone V (Very High Risk),Active / Normal
NER-TRN-SIK-0240,Sikkim,Namchi,27.18226,88.36648,1308.2,Mid-Himalayan Spur,Gondwana Sequence Sandstone,42.66,343.1,N,42.75,Degraded Forest / Bamboo Brake,Forest Humus Rich Brown Soil,39.3,6.73,High Risk (Class 4),7.5,71.15,Zone V (Very High Risk),Active / Normal
NER-TRN-SIK-0241,Sikkim,Lachen,27.718,88.56502,2823.5,High Glaciated Valley & Moraines,Higher Himalayan Proterozoic Gneiss,41.65,172.1,S,39.82,Sub-alpine Coniferous Forest,Rocky Skeletal Soil,49.6,5.97,High Risk (Class 4),9.7,107.87,Zone V (Very High Risk),Active / Normal
NER-TRN-SIK-0242,Sikkim,Lachen,27.73258,88.54811,2675.7,High Glaciated Valley & Moraines,Higher Himalayan Proterozoic Gneiss,36.56,282.1,W,37.3,Sub-alpine Coniferous Forest,Alpine Glacial Till,46.8,6.53,High Risk (Class 4),8.5,71.47,Zone V (Very High Risk),Active / Normal
NER-TRN-SIK-0243,Sikkim,Lachen,27.69766,88.53953,2828.9,High Glaciated Valley & Moraines,Higher Himalayan Proterozoic Gneiss,50.98,332.6,NW,47.78,Sub-alpine Coniferous Forest,Forest Humus Rich Brown Soil,47.2,5.91,High Risk (Class 4),7.1,109.44,Zone V (Very High Risk),Active / Normal
NER-TRN-SIK-0244,Sikkim,Lachen,27.73083,88.56962,2797.7,High Glaciated Valley & Moraines,Higher Himalayan Proterozoic Gneiss,29.21,131.8,SE,28.21,Bare Rock / Scree,Alpine Glacial Till,28.0,5.89,Moderate Risk (Class 3),6.7,83.6,Zone V (Very High Risk),Active / Normal
NER-TRN-SIK-0245,Sikkim,Lachen,27.70356,88.55376,2694.5,High Glaciated Valley & Moraines,Higher Himalayan Proterozoic Gneiss,31.64,39.6,NE,34.44,Bare Rock / Scree,Forest Humus Rich Brown Soil,34.8,5.35,Moderate Risk (Class 3),6.2,118.35,Zone V (Very High Risk),Active / Normal
NER-TRN-SIK-0246,Sikkim,Lachen,27.73299,88.54991,2742.9,High Glaciated Valley & Moraines,Higher Himalayan Proterozoic Gneiss,23.72,21.2,N,28.19,Bare Rock / Scree,Alpine Glacial Till,24.6,6.62,Moderate Risk (Class 3),6.5,79.74,Zone V (Very High Risk),Active / Normal
NER-TRN-SIK-0247,Sikkim,Lachen,27.70416,88.56753,2838.5,High Glaciated Valley & Moraines,Higher Himalayan Proterozoic Gneiss,49.4,337.2,NW,49.03,Bare Rock / Scree,Rocky Skeletal Soil,67.4,5.76,High Risk (Class 4),7.3,187.57,Zone V (Very High Risk),Active / Normal
NER-TRN-SIK-0248,Sikkim,Lachen,27.71836,88.54347,2725.4,High Glaciated Valley & Moraines,Higher Himalayan Proterozoic Gneiss,39.63,354.9,N,42.05,Bare Rock / Scree,Alpine Glacial Till,52.5,6.11,Very High Risk (Class 5),9.7,60.74,Zone V (Very High Risk),Active / Normal
NER-TRN-SIK-0249,Sikkim,Lachen,27.71497,88.53577,2847.8,High Glaciated Valley & Moraines,Higher Himalayan Proterozoic Gneiss,48.8,75.0,E,46.45,Sub-alpine Coniferous Forest,Rocky Skeletal Soil,68.0,4.6,Very High Risk (Class 5),8.1,146.15,Zone V (Very High Risk),Active / Normal
NER-TRN-SIK-0250,Sikkim,Lachen,27.70014,88.56776,2726.1,High Glaciated Valley & Moraines,Higher Himalayan Proterozoic Gneiss,51.79,241.1,SW,49.25,Sub-alpine Coniferous Forest,Rocky Skeletal Soil,53.8,6.13,High Risk (Class 4),8.1,188.97,Zone V (Very High Risk),Active / Normal
