vehicle_telemetry_id,timestamp,registration_number,vehicle_type,vehicle_category,route_origin,route_destination,highway_corridor,current_state,route_progress_pct,current_status,speed_kmh,cargo_payload_tons,passenger_count,fuel_level_pct,engine_temp_c,continuous_driving_hours,driver_fatigue_alert,checkpost_ilp_status,gps_signal_status
VTL-NER-2026-0001,2026-08-25 13:30:00,AS-09-NN-6661,Emergency Relief Convoy / NDRF Truck,Emergency Services,Guwahati,Silchar,NH-27,Assam,61.0,In Transit / Moving,25.7,1.37,2,39.1,97.8,3.2,Normal,Cleared,Strong (4G/5G)
VTL-NER-2026-0002,2026-08-25 13:30:00,AS-05-TQ-2852,Emergency Relief Convoy / NDRF Truck,Emergency Services,Guwahati,Shillong,NH-06,Assam,32.2,In Transit / Moving,35.4,2.28,3,16.5,83.6,6.3,Normal,N/A,Strong (4G/5G)
VTL-NER-2026-0003,2026-08-25 13:30:00,AS-06-JY-6169,Multi-Axle Container Truck,Cargo / Logistics,Guwahati,Itanagar,NH-15,Arunachal Pradesh,66.5,In Transit / Moving,46.0,10.52,3,53.8,92.4,5.9,Normal,Cleared,Strong (4G/5G)
VTL-NER-2026-0004,2026-08-25 13:30:00,WB-08-AH-8997,Interstate Passenger Bus (ASTC/Private),Public Transit,Siliguri,Gangtok,NH-10,West Bengal,23.2,In Transit / Moving,37.0,10.3,3,76.6,95.4,4.3,Normal,N/A,Strong (4G/5G)
VTL-NER-2026-0005,2026-08-25 13:30:00,ML-03-ZF-9556,Interstate Passenger Bus (ASTC/Private),Public Transit,Shillong,Silchar,NH-06,Meghalaya,10.6,Halted / Landslide Blockade,0.0,10.02,3,33.4,77.0,1.4,Normal,Cleared,Satellite Fallback
VTL-NER-2026-0006,2026-08-25 13:30:00,NL-02-OE-6724,Interstate Passenger Bus (ASTC/Private),Public Transit,Kohima,Imphal,NH-02,Manipur,50.4,In Transit / Moving,42.2,8.56,2,37.2,91.4,6.9,Normal,Cleared,Moderate (3G)
VTL-NER-2026-0007,2026-08-25 13:30:00,AS-06-UG-1316,Multi-Axle Container Truck,Cargo / Logistics,Silchar,Aizawl,NH-306,Mizoram,85.2,In Transit / Moving,47.0,39.62,3,60.7,86.6,5.9,Normal,Pending Inspection,Satellite Fallback
VTL-NER-2026-0008,2026-08-25 13:30:00,AS-09-ZA-7848,Emergency Relief Convoy / NDRF Truck,Emergency Services,Guwahati,Dibrugarh,NH-27 / NH-15,Assam,39.9,In Transit / Moving,25.4,3.36,2,43.4,82.8,3.4,Normal,Cleared,Strong (4G/5G)
VTL-NER-2026-0009,2026-08-25 13:30:00,AS-01-LI-9420,Emergency Relief Convoy / NDRF Truck,Emergency Services,Guwahati,Silchar,NH-27,Assam,90.2,In Transit / Moving,48.3,2.58,3,48.1,83.1,6.8,Normal,Cleared,Moderate (3G)
VTL-NER-2026-0010,2026-08-25 13:30:00,SK-05-UN-7615,Emergency Relief Convoy / NDRF Truck,Emergency Services,Gangtok,Mangan (North Sikkim),Indo-China Highway,Sikkim,35.5,Halted / Traffic Congestion,4.5,3.04,1,96.8,91.3,4.6,Normal,Customs/Inner Line Permit (ILP) Verification,Strong (4G/5G)
VTL-NER-2026-0011,2026-08-25 13:30:00,ML-09-PH-8503,Emergency Relief Convoy / NDRF Truck,Emergency Services,Shillong,Silchar,NH-06,Assam,54.4,In Transit / Moving,32.5,3.45,2,42.7,98.6,2.2,Normal,Pending Inspection,Strong (4G/5G)
VTL-NER-2026-0012,2026-08-25 13:30:00,AS-05-MV-9401,Multi-Axle Container Truck,Cargo / Logistics,Tezpur,Tawang,NH-13 (Trans-Arunachal),Assam,41.7,In Transit / Moving,49.6,16.58,3,74.2,90.5,8.9,Yes (Exceeded 8 hrs),Cleared,Strong (4G/5G)
VTL-NER-2026-0013,2026-08-25 13:30:00,SK-02-XB-9518,Border Roads Construction Dumper,Infrastructure,Gangtok,Mangan (North Sikkim),Indo-China Highway,Sikkim,83.4,Halted / Traffic Congestion,3.5,12.42,2,43.5,92.9,9.3,Yes (Exceeded 8 hrs),Cleared,Strong (4G/5G)
VTL-NER-2026-0014,2026-08-25 13:30:00,AS-01-FF-7281,Border Roads Construction Dumper,Infrastructure,Guwahati,Silchar,NH-27,Assam,8.2,In Transit / Moving,16.4,10.03,1,76.7,100.0,0.5,Normal,N/A,Strong (4G/5G)
VTL-NER-2026-0015,2026-08-25 13:30:00,NL-09-WO-8917,Interstate Passenger Bus (ASTC/Private),Public Transit,Kohima,Imphal,NH-02,Nagaland,37.5,Halted / Traffic Congestion,7.7,11.55,3,71.3,82.2,7.9,Normal,Cleared,Strong (4G/5G)
VTL-NER-2026-0016,2026-08-25 13:30:00,AS-02-OO-5906,Emergency Relief Convoy / NDRF Truck,Emergency Services,Silchar,Aizawl,NH-306,Mizoram,59.1,In Transit / Moving,53.7,3.55,2,59.0,93.9,4.5,Normal,Cleared,Strong (4G/5G)
VTL-NER-2026-0017,2026-08-25 13:30:00,ML-01-UX-1248,SUV / Tourist Taxi (Sumo/Innova),Passenger / Tourism,Shillong,Silchar,NH-06,Meghalaya,19.9,In Transit / Moving,44.9,1.23,38,75.8,89.2,7.0,Normal,Cleared,Strong (4G/5G)
VTL-NER-2026-0018,2026-08-25 13:30:00,AS-01-YK-7123,SUV / Tourist Taxi (Sumo/Innova),Passenger / Tourism,Guwahati,Shillong,NH-06,Meghalaya,51.0,In Transit / Moving,53.1,0.81,17,65.2,95.5,5.7,Normal,Cleared,Strong (4G/5G)
VTL-NER-2026-0019,2026-08-25 13:30:00,ML-08-XZ-8918,Interstate Passenger Bus (ASTC/Private),Public Transit,Shillong,Silchar,NH-06,Assam,66.9,In Transit / Moving,36.4,4.11,1,85.2,97.0,1.0,Normal,Cleared,Weak (Mountain Shadow)
VTL-NER-2026-0020,2026-08-25 13:30:00,AS-05-KF-1355,Heavy Freight Truck (10-Wheeler),Cargo / Logistics,Guwahati,Dibrugarh,NH-27 / NH-15,Assam,8.9,Halted / Traffic Congestion,5.4,10.47,1,58.6,88.6,3.3,Normal,Cleared,Strong (4G/5G)
VTL-NER-2026-0021,2026-08-25 13:30:00,AS-01-GC-2732,Heavy Freight Truck (10-Wheeler),Cargo / Logistics,Guwahati,Shillong,NH-06,Assam,7.1,Halted / Landslide Blockade,0.0,6.02,2,47.0,86.4,4.4,Normal,Cleared,Satellite Fallback
VTL-NER-2026-0022,2026-08-25 13:30:00,AS-05-XH-6385,SUV / Tourist Taxi (Sumo/Innova),Passenger / Tourism,Guwahati,Silchar,NH-27,Assam,55.0,In Transit / Moving,38.8,0.77,41,72.7,83.2,3.2,Normal,Pending Inspection,Strong (4G/5G)
VTL-NER-2026-0023,2026-08-25 13:30:00,SK-09-PJ-6257,Multi-Axle Container Truck,Cargo / Logistics,Gangtok,Mangan (North Sikkim),Indo-China Highway,Sikkim,12.9,In Transit / Moving,22.8,9.83,3,82.2,84.0,3.3,Normal,Cleared,Moderate (3G)
VTL-NER-2026-0024,2026-08-25 13:30:00,NL-01-WA-5372,Fuel Tanker (POL),Hazardous Cargo,Kohima,Imphal,NH-02,Nagaland,29.7,In Transit / Moving,44.5,1.67,1,73.2,90.3,7.9,Normal,Cleared,Strong (4G/5G)
VTL-NER-2026-0025,2026-08-25 13:30:00,SK-05-PO-7506,Heavy Freight Truck (10-Wheeler),Cargo / Logistics,Gangtok,Mangan (North Sikkim),Indo-China Highway,Sikkim,84.7,Halted / Traffic Congestion,8.5,0.99,2,81.6,91.8,3.6,Normal,Cleared,Strong (4G/5G)
VTL-NER-2026-0026,2026-08-25 13:30:00,AS-09-OZ-5747,Heavy Freight Truck (10-Wheeler),Cargo / Logistics,Guwahati,Dibrugarh,NH-27 / NH-15,Assam,14.6,In Transit / Moving,36.3,10.28,2,81.5,88.1,1.0,Normal,Cleared,Strong (4G/5G)
VTL-NER-2026-0027,2026-08-25 13:30:00,TR-07-ZG-5730,Fuel Tanker (POL),Hazardous Cargo,Agartala,Silchar,NH-08,Tripura,19.0,In Transit / Moving,15.6,14.94,2,81.3,82.2,4.2,Normal,Cleared,Strong (4G/5G)
VTL-NER-2026-0028,2026-08-25 13:30:00,ML-02-UC-1066,SUV / Tourist Taxi (Sumo/Innova),Passenger / Tourism,Shillong,Silchar,NH-06,Assam,79.0,Halted / Landslide Blockade,0.0,1.27,38,32.1,80.6,3.8,Normal,Cleared,Strong (4G/5G)
VTL-NER-2026-0029,2026-08-25 13:30:00,AS-07-VQ-8728,Heavy Freight Truck (10-Wheeler),Cargo / Logistics,Guwahati,Silchar,NH-27,Assam,61.3,In Transit / Moving,31.4,22.74,1,52.5,96.1,9.1,Yes (Exceeded 8 hrs),Pending Inspection,Moderate (3G)
VTL-NER-2026-0030,2026-08-25 13:30:00,TR-09-EP-6713,Fuel Tanker (POL),Hazardous Cargo,Agartala,Silchar,NH-08,Assam,75.0,Halted / Traffic Congestion,5.3,13.76,3,70.0,95.2,6.0,Normal,Customs/Inner Line Permit (ILP) Verification,Moderate (3G)
VTL-NER-2026-0031,2026-08-25 13:30:00,AS-04-XY-3700,Heavy Freight Truck (10-Wheeler),Cargo / Logistics,Guwahati,Dibrugarh,NH-27 / NH-15,Assam,68.6,Halted / Traffic Congestion,11.0,2.91,1,15.0,91.5,0.9,Normal,N/A,Weak (Mountain Shadow)
VTL-NER-2026-0032,2026-08-25 13:30:00,ML-09-PR-2228,Heavy Freight Truck (10-Wheeler),Cargo / Logistics,Shillong,Silchar,NH-06,Assam,56.9,In Transit / Moving,28.6,2.19,3,46.7,86.3,4.9,Normal,Cleared,Moderate (3G)
VTL-NER-2026-0033,2026-08-25 13:30:00,AR-04-VP-4840,SUV / Tourist Taxi (Sumo/Innova),Passenger / Tourism,Itanagar,Pasighat,NH-415 / NH-15,Arunachal Pradesh,61.5,In Transit / Moving,62.3,1.26,20,81.3,91.5,0.6,Normal,Cleared,Strong (4G/5G)
VTL-NER-2026-0034,2026-08-25 13:30:00,WB-09-EH-3201,Fuel Tanker (POL),Hazardous Cargo,Siliguri,Gangtok,NH-10,Sikkim,75.5,In Transit / Moving,39.4,10.17,2,25.6,90.5,2.5,Normal,Cleared,Strong (4G/5G)
VTL-NER-2026-0035,2026-08-25 13:30:00,NL-01-GJ-8235,Fuel Tanker (POL),Hazardous Cargo,Kohima,Imphal,NH-02,Manipur,92.4,In Transit / Moving,39.5,19.25,2,86.7,98.9,7.6,Normal,Cleared,Strong (4G/5G)
VTL-NER-2026-0036,2026-08-25 13:30:00,AS-07-FA-7028,Multi-Axle Container Truck,Cargo / Logistics,Guwahati,Silchar,NH-27,Assam,79.1,In Transit / Moving,36.4,32.25,1,27.7,96.7,6.9,Normal,Pending Inspection,Strong (4G/5G)
VTL-NER-2026-0037,2026-08-25 13:30:00,AS-04-OW-9392,Emergency Relief Convoy / NDRF Truck,Emergency Services,Guwahati,Dibrugarh,NH-27 / NH-15,Assam,47.3,In Transit / Moving,41.6,5.04,2,86.6,91.0,7.7,Normal,Pending Inspection,Moderate (3G)
VTL-NER-2026-0038,2026-08-25 13:30:00,ML-03-TO-1097,Heavy Freight Truck (10-Wheeler),Cargo / Logistics,Shillong,Silchar,NH-06,Assam,64.1,In Transit / Moving,39.9,5.0,1,82.8,99.8,5.2,Normal,Cleared,Strong (4G/5G)
VTL-NER-2026-0039,2026-08-25 13:30:00,AS-03-GG-6494,Heavy Freight Truck (10-Wheeler),Cargo / Logistics,Guwahati,Dibrugarh,NH-27 / NH-15,Assam,48.3,In Transit / Moving,45.5,24.51,1,27.1,97.2,4.5,Normal,Customs/Inner Line Permit (ILP) Verification,Strong (4G/5G)
VTL-NER-2026-0040,2026-08-25 13:30:00,AS-08-QL-5261,SUV / Tourist Taxi (Sumo/Innova),Passenger / Tourism,Tezpur,Tawang,NH-13 (Trans-Arunachal),Arunachal Pradesh,50.4,In Transit / Moving,68.1,1.08,34,37.7,96.4,4.5,Normal,Cleared,Weak (Mountain Shadow)
VTL-NER-2026-0041,2026-08-25 13:30:00,AS-04-TW-7055,SUV / Tourist Taxi (Sumo/Innova),Passenger / Tourism,Guwahati,Shillong,NH-06,Assam,35.1,In Transit / Moving,60.4,1.68,14,75.6,89.8,7.8,Normal,Cleared,Satellite Fallback
VTL-NER-2026-0042,2026-08-25 13:30:00,SK-05-EX-9614,Light Commercial Vehicle (Bolero Pick-up),Local Supply / Freight,Gangtok,Mangan (North Sikkim),Indo-China Highway,Sikkim,47.2,In Transit / Moving,54.1,0.86,2,71.3,89.4,5.6,Normal,Cleared,Strong (4G/5G)
VTL-NER-2026-0043,2026-08-25 13:30:00,AS-07-TT-3277,Multi-Axle Container Truck,Cargo / Logistics,Guwahati,Itanagar,NH-15,Assam,40.0,In Transit / Moving,33.0,12.48,2,56.2,87.7,6.0,Normal,Cleared,Strong (4G/5G)
VTL-NER-2026-0044,2026-08-25 13:30:00,AS-06-MH-3835,Fuel Tanker (POL),Hazardous Cargo,Guwahati,Dibrugarh,NH-27 / NH-15,Assam,29.7,In Transit / Moving,30.0,16.9,2,22.3,89.6,5.5,Normal,Cleared,Strong (4G/5G)
VTL-NER-2026-0045,2026-08-25 13:30:00,AR-04-KJ-9560,Border Roads Construction Dumper,Infrastructure,Itanagar,Pasighat,NH-415 / NH-15,Arunachal Pradesh,87.8,Halted / Traffic Congestion,11.2,17.0,1,94.8,89.9,1.6,Normal,Cleared,Strong (4G/5G)
VTL-NER-2026-0046,2026-08-25 13:30:00,SK-06-CC-9084,Interstate Passenger Bus (ASTC/Private),Public Transit,Gangtok,Mangan (North Sikkim),Indo-China Highway,Sikkim,17.0,In Transit / Moving,55.0,8.37,2,31.3,98.2,1.4,Normal,Cleared,Strong (4G/5G)
VTL-NER-2026-0047,2026-08-25 13:30:00,TR-02-MB-7997,Multi-Axle Container Truck,Cargo / Logistics,Agartala,Silchar,NH-08,Assam,54.8,Halted / Landslide Blockade,0.0,6.53,1,28.7,85.6,1.3,Normal,Pending Inspection,Moderate (3G)
VTL-NER-2026-0048,2026-08-25 13:30:00,NL-02-TD-7352,SUV / Tourist Taxi (Sumo/Innova),Passenger / Tourism,Kohima,Imphal,NH-02,Nagaland,37.7,Halted / Landslide Blockade,0.0,1.65,26,52.4,87.7,4.0,Normal,Cleared,Moderate (3G)
VTL-NER-2026-0049,2026-08-25 13:30:00,ML-07-SP-4530,Heavy Freight Truck (10-Wheeler),Cargo / Logistics,Shillong,Silchar,NH-06,Assam,84.8,Halted / Landslide Blockade,0.0,18.32,2,58.3,86.6,5.7,Normal,Cleared,Weak (Mountain Shadow)
VTL-NER-2026-0050,2026-08-25 13:30:00,AS-06-MJ-2333,SUV / Tourist Taxi (Sumo/Innova),Passenger / Tourism,Guwahati,Dibrugarh,NH-27 / NH-15,Assam,51.8,In Transit / Moving,68.3,0.67,30,62.1,100.9,6.3,Normal,Customs/Inner Line Permit (ILP) Verification,Strong (4G/5G)
VTL-NER-2026-0051,2026-08-25 13:30:00,AR-05-NM-3819,Fuel Tanker (POL),Hazardous Cargo,Itanagar,Pasighat,NH-415 / NH-15,Arunachal Pradesh,87.4,In Transit / Moving,31.8,6.95,2,55.7,88.2,3.8,Normal,Customs/Inner Line Permit (ILP) Verification,Strong (4G/5G)
VTL-NER-2026-0052,2026-08-25 13:30:00,AS-05-LH-2003,Multi-Axle Container Truck,Cargo / Logistics,Silchar,Aizawl,NH-306,Assam,15.4,In Transit / Moving,29.8,7.58,3,20.7,95.5,0.6,Normal,Pending Inspection,Moderate (3G)
VTL-NER-2026-0053,2026-08-25 13:30:00,NL-01-VA-7259,Heavy Freight Truck (10-Wheeler),Cargo / Logistics,Dimapur,Kohima,NH-29,Nagaland,83.2,In Transit / Moving,25.2,13.6,3,75.2,90.3,6.0,Normal,Cleared,Weak (Mountain Shadow)
VTL-NER-2026-0054,2026-08-25 13:30:00,ML-03-YT-6594,Emergency Relief Convoy / NDRF Truck,Emergency Services,Shillong,Silchar,NH-06,Assam,51.0,In Transit / Moving,47.7,6.07,1,60.8,83.7,6.5,Normal,Cleared,Satellite Fallback
VTL-NER-2026-0055,2026-08-25 13:30:00,WB-08-ZD-5244,Interstate Passenger Bus (ASTC/Private),Public Transit,Siliguri,Gangtok,NH-10,Sikkim,78.1,In Transit / Moving,55.1,2.77,3,38.4,84.1,5.1,Normal,Cleared,Strong (4G/5G)
VTL-NER-2026-0056,2026-08-25 13:30:00,AS-07-LI-8549,Border Roads Construction Dumper,Infrastructure,Guwahati,Dibrugarh,NH-27 / NH-15,Assam,36.7,Pit Stop / Checkpost Inspection,0.0,16.16,3,20.6,78.1,2.0,Normal,Cleared,Strong (4G/5G)
VTL-NER-2026-0057,2026-08-25 13:30:00,AS-05-WS-4244,Emergency Relief Convoy / NDRF Truck,Emergency Services,Silchar,Aizawl,NH-306,Assam,33.9,In Transit / Moving,26.0,2.99,3,49.9,95.3,8.8,Yes (Exceeded 8 hrs),Cleared,Moderate (3G)
VTL-NER-2026-0058,2026-08-25 13:30:00,AS-08-YJ-3774,Border Roads Construction Dumper,Infrastructure,Guwahati,Itanagar,NH-15,Assam,31.9,In Transit / Moving,32.5,14.23,1,81.3,88.2,5.5,Normal,Pending Inspection,Strong (4G/5G)
VTL-NER-2026-0059,2026-08-25 13:30:00,TR-03-KB-7353,Multi-Axle Container Truck,Cargo / Logistics,Agartala,Silchar,NH-08,Tripura,20.9,In Transit / Moving,48.2,4.44,2,17.8,94.3,4.7,Normal,Pending Inspection,Moderate (3G)
VTL-NER-2026-0060,2026-08-25 13:30:00,AS-03-NP-5287,Multi-Axle Container Truck,Cargo / Logistics,Guwahati,Silchar,NH-27,Assam,26.7,In Transit / Moving,35.7,14.56,2,93.6,91.6,5.2,Normal,Cleared,Strong (4G/5G)
VTL-NER-2026-0061,2026-08-25 13:30:00,AR-09-YJ-5837,Emergency Relief Convoy / NDRF Truck,Emergency Services,Itanagar,Pasighat,NH-415 / NH-15,Arunachal Pradesh,57.9,In Transit / Moving,53.9,2.0,1,86.7,96.9,8.9,Yes (Exceeded 8 hrs),Cleared,Strong (4G/5G)
VTL-NER-2026-0062,2026-08-25 13:30:00,AS-09-FY-9933,Heavy Freight Truck (10-Wheeler),Cargo / Logistics,Guwahati,Itanagar,NH-15,Assam,41.5,In Transit / Moving,24.6,4.53,1,21.3,96.7,5.4,Normal,Cleared,Moderate (3G)
VTL-NER-2026-0063,2026-08-25 13:30:00,AS-08-VE-2140,Heavy Freight Truck (10-Wheeler),Cargo / Logistics,Silchar,Aizawl,NH-306,Mizoram,62.8,Halted / Traffic Congestion,6.0,22.22,2,44.5,91.8,6.3,Normal,Cleared,Strong (4G/5G)
VTL-NER-2026-0064,2026-08-25 13:30:00,ML-05-ZJ-3308,Border Roads Construction Dumper,Infrastructure,Shillong,Silchar,NH-06,Meghalaya,46.3,In Transit / Moving,11.8,1.33,1,75.7,83.0,6.6,Normal,Cleared,Strong (4G/5G)
VTL-NER-2026-0065,2026-08-25 13:30:00,AS-09-ZD-4463,Light Commercial Vehicle (Bolero Pick-up),Local Supply / Freight,Silchar,Aizawl,NH-306,Assam,42.2,In Transit / Moving,40.9,0.33,1,84.4,88.2,5.9,Normal,Cleared,Moderate (3G)
VTL-NER-2026-0066,2026-08-25 13:30:00,AR-02-EJ-4541,Interstate Passenger Bus (ASTC/Private),Public Transit,Itanagar,Pasighat,NH-415 / NH-15,Arunachal Pradesh,11.1,In Transit / Moving,38.8,9.9,1,85.2,87.1,3.4,Normal,Cleared,Weak (Mountain Shadow)
VTL-NER-2026-0067,2026-08-25 13:30:00,AS-02-KL-3939,Border Roads Construction Dumper,Infrastructure,Guwahati,Silchar,NH-27,Assam,85.6,In Transit / Moving,26.9,1.14,1,37.1,89.0,6.8,Normal,Cleared,Weak (Mountain Shadow)
VTL-NER-2026-0068,2026-08-25 13:30:00,AS-08-ME-4203,Heavy Freight Truck (10-Wheeler),Cargo / Logistics,Silchar,Aizawl,NH-306,Mizoram,92.7,In Transit / Moving,51.8,22.01,1,82.2,100.0,5.6,Normal,Cleared,Moderate (3G)
VTL-NER-2026-0069,2026-08-25 13:30:00,AS-08-JQ-1352,SUV / Tourist Taxi (Sumo/Innova),Passenger / Tourism,Guwahati,Itanagar,NH-15,Arunachal Pradesh,87.3,Halted / Landslide Blockade,0.0,1.19,9,15.2,87.8,7.4,Normal,Pending Inspection,Strong (4G/5G)
VTL-NER-2026-0070,2026-08-25 13:30:00,ML-01-EJ-6206,SUV / Tourist Taxi (Sumo/Innova),Passenger / Tourism,Shillong,Silchar,NH-06,Meghalaya,34.0,In Transit / Moving,60.3,0.71,41,24.2,93.2,9.2,Yes (Exceeded 8 hrs),Cleared,Strong (4G/5G)
VTL-NER-2026-0071,2026-08-25 13:30:00,AS-04-ZK-2117,Fuel Tanker (POL),Hazardous Cargo,Guwahati,Dibrugarh,NH-27 / NH-15,Assam,57.2,Pit Stop / Checkpost Inspection,0.0,4.45,3,90.4,70.0,4.3,Normal,Cleared,Weak (Mountain Shadow)
VTL-NER-2026-0072,2026-08-25 13:30:00,ML-05-YR-5688,Emergency Relief Convoy / NDRF Truck,Emergency Services,Shillong,Silchar,NH-06,Meghalaya,24.1,In Transit / Moving,45.4,10.98,1,55.7,88.8,4.2,Normal,Customs/Inner Line Permit (ILP) Verification,Strong (4G/5G)
VTL-NER-2026-0073,2026-08-25 13:30:00,AS-01-PU-6353,Multi-Axle Container Truck,Cargo / Logistics,Silchar,Aizawl,NH-306,Mizoram,68.5,In Transit / Moving,19.6,30.02,3,52.5,99.0,2.5,Normal,Cleared,Satellite Fallback
VTL-NER-2026-0074,2026-08-25 13:30:00,AS-06-KK-7662,Multi-Axle Container Truck,Cargo / Logistics,Tezpur,Tawang,NH-13 (Trans-Arunachal),Arunachal Pradesh,92.6,In Transit / Moving,31.4,17.32,2,35.3,101.7,5.6,Normal,Cleared,Strong (4G/5G)
VTL-NER-2026-0075,2026-08-25 13:30:00,AR-03-RT-9686,Light Commercial Vehicle (Bolero Pick-up),Local Supply / Freight,Itanagar,Pasighat,NH-415 / NH-15,Arunachal Pradesh,57.8,In Transit / Moving,63.5,1.11,3,55.3,100.3,3.3,Normal,Cleared,Strong (4G/5G)
VTL-NER-2026-0076,2026-08-25 13:30:00,AR-06-JV-8978,Interstate Passenger Bus (ASTC/Private),Public Transit,Itanagar,Pasighat,NH-415 / NH-15,Arunachal Pradesh,8.1,In Transit / Moving,51.4,0.31,2,55.1,101.3,7.5,Normal,Cleared,Strong (4G/5G)
VTL-NER-2026-0077,2026-08-25 13:30:00,WB-06-LL-7071,Emergency Relief Convoy / NDRF Truck,Emergency Services,Siliguri,Gangtok,NH-10,Sikkim,78.7,In Transit / Moving,36.5,0.63,3,46.3,94.0,4.9,Normal,N/A,Strong (4G/5G)
VTL-NER-2026-0078,2026-08-25 13:30:00,NL-05-WU-6586,SUV / Tourist Taxi (Sumo/Innova),Passenger / Tourism,Dimapur,Kohima,NH-29,Nagaland,7.6,Halted / Landslide Blockade,0.0,0.61,25,64.1,80.2,5.3,Normal,Cleared,Moderate (3G)
VTL-NER-2026-0079,2026-08-25 13:30:00,NL-08-NK-7611,Light Commercial Vehicle (Bolero Pick-up),Local Supply / Freight,Dimapur,Kohima,NH-29,Nagaland,37.4,In Transit / Moving,42.7,1.78,3,59.0,97.3,8.8,Yes (Exceeded 8 hrs),Pending Inspection,Moderate (3G)
VTL-NER-2026-0080,2026-08-25 13:30:00,NL-01-PE-6895,Fuel Tanker (POL),Hazardous Cargo,Dimapur,Kohima,NH-29,Nagaland,85.7,In Transit / Moving,36.0,15.26,1,27.0,92.2,1.4,Normal,Cleared,Weak (Mountain Shadow)
VTL-NER-2026-0081,2026-08-25 13:30:00,WB-09-WF-5041,Heavy Freight Truck (10-Wheeler),Cargo / Logistics,Siliguri,Gangtok,NH-10,West Bengal,44.5,In Transit / Moving,44.8,8.09,3,78.6,99.3,7.2,Normal,Customs/Inner Line Permit (ILP) Verification,Strong (4G/5G)
VTL-NER-2026-0082,2026-08-25 13:30:00,NL-04-QS-1490,Border Roads Construction Dumper,Infrastructure,Kohima,Imphal,NH-02,Manipur,77.3,In Transit / Moving,20.7,8.22,2,64.7,82.7,6.9,Normal,N/A,Moderate (3G)
VTL-NER-2026-0083,2026-08-25 13:30:00,WB-09-EL-2295,Emergency Relief Convoy / NDRF Truck,Emergency Services,Siliguri,Gangtok,NH-10,Sikkim,89.0,In Transit / Moving,41.9,2.15,3,59.8,97.9,5.4,Normal,Customs/Inner Line Permit (ILP) Verification,Strong (4G/5G)
VTL-NER-2026-0084,2026-08-25 13:30:00,NL-05-YU-6671,Light Commercial Vehicle (Bolero Pick-up),Local Supply / Freight,Kohima,Imphal,NH-02,Manipur,93.4,In Transit / Moving,63.1,1.28,2,89.3,88.6,8.0,Normal,Customs/Inner Line Permit (ILP) Verification,Strong (4G/5G)
VTL-NER-2026-0085,2026-08-25 13:30:00,AS-03-EI-4933,Fuel Tanker (POL),Hazardous Cargo,Guwahati,Silchar,NH-27,Assam,80.6,In Transit / Moving,45.5,18.27,3,82.8,82.4,8.8,Yes (Exceeded 8 hrs),Cleared,Weak (Mountain Shadow)
VTL-NER-2026-0086,2026-08-25 13:30:00,AR-01-JD-8015,Light Commercial Vehicle (Bolero Pick-up),Local Supply / Freight,Itanagar,Pasighat,NH-415 / NH-15,Arunachal Pradesh,80.2,In Transit / Moving,36.6,2.71,1,62.1,96.7,5.0,Normal,Cleared,Strong (4G/5G)
VTL-NER-2026-0087,2026-08-25 13:30:00,TR-01-TC-8175,Heavy Freight Truck (10-Wheeler),Cargo / Logistics,Agartala,Silchar,NH-08,Tripura,37.3,In Transit / Moving,29.9,19.36,3,69.7,87.5,8.2,Yes (Exceeded 8 hrs),Cleared,Moderate (3G)
VTL-NER-2026-0088,2026-08-25 13:30:00,NL-08-HN-4138,Interstate Passenger Bus (ASTC/Private),Public Transit,Kohima,Imphal,NH-02,Manipur,82.9,In Transit / Moving,43.1,2.42,2,28.5,99.1,1.1,Normal,Pending Inspection,Moderate (3G)
VTL-NER-2026-0089,2026-08-25 13:30:00,ML-08-FM-6273,SUV / Tourist Taxi (Sumo/Innova),Passenger / Tourism,Shillong,Silchar,NH-06,Meghalaya,33.8,In Transit / Moving,49.8,1.14,9,69.8,84.6,6.5,Normal,Customs/Inner Line Permit (ILP) Verification,Strong (4G/5G)
VTL-NER-2026-0090,2026-08-25 13:30:00,AS-02-KH-7660,Emergency Relief Convoy / NDRF Truck,Emergency Services,Guwahati,Itanagar,NH-15,Arunachal Pradesh,68.6,In Transit / Moving,57.8,0.64,3,79.4,101.5,3.1,Normal,N/A,Strong (4G/5G)
VTL-NER-2026-0091,2026-08-25 13:30:00,AS-03-CN-7543,Interstate Passenger Bus (ASTC/Private),Public Transit,Tezpur,Tawang,NH-13 (Trans-Arunachal),Arunachal Pradesh,75.3,In Transit / Moving,52.3,3.88,3,33.8,89.2,7.0,Normal,N/A,Strong (4G/5G)
VTL-NER-2026-0092,2026-08-25 13:30:00,TR-07-UT-4800,SUV / Tourist Taxi (Sumo/Innova),Passenger / Tourism,Agartala,Silchar,NH-08,Assam,72.1,Halted / Traffic Congestion,8.6,0.85,12,72.2,101.4,1.4,Normal,Cleared,Strong (4G/5G)
VTL-NER-2026-0093,2026-08-25 13:30:00,MN-03-IV-5157,Interstate Passenger Bus (ASTC/Private),Public Transit,Imphal,Moreh (Border),NH-102,Manipur,41.5,In Transit / Moving,60.2,1.49,2,88.5,94.3,6.2,Normal,Cleared,Strong (4G/5G)
VTL-NER-2026-0094,2026-08-25 13:30:00,AS-07-LX-8193,Light Commercial Vehicle (Bolero Pick-up),Local Supply / Freight,Guwahati,Dibrugarh,NH-27 / NH-15,Assam,63.9,In Transit / Moving,47.5,1.73,3,84.0,94.5,4.6,Normal,Cleared,Strong (4G/5G)
VTL-NER-2026-0095,2026-08-25 13:30:00,NL-06-FC-2556,Border Roads Construction Dumper,Infrastructure,Kohima,Imphal,NH-02,Manipur,94.2,In Transit / Moving,10.6,10.92,3,58.2,89.9,2.4,Normal,N/A,Strong (4G/5G)
VTL-NER-2026-0096,2026-08-25 13:30:00,AS-01-SE-9046,SUV / Tourist Taxi (Sumo/Innova),Passenger / Tourism,Guwahati,Itanagar,NH-15,Assam,27.7,Halted / Traffic Congestion,8.0,1.12,31,56.3,83.4,5.3,Normal,Cleared,Strong (4G/5G)
VTL-NER-2026-0097,2026-08-25 13:30:00,AS-06-LL-8560,Emergency Relief Convoy / NDRF Truck,Emergency Services,Tezpur,Tawang,NH-13 (Trans-Arunachal),Assam,15.8,In Transit / Moving,31.2,0.98,3,60.2,82.9,7.8,Normal,Pending Inspection,Strong (4G/5G)
VTL-NER-2026-0098,2026-08-25 13:30:00,MN-07-VW-7634,SUV / Tourist Taxi (Sumo/Innova),Passenger / Tourism,Imphal,Moreh (Border),NH-102,Manipur,23.7,In Transit / Moving,67.3,1.34,16,41.5,85.6,2.4,Normal,Customs/Inner Line Permit (ILP) Verification,Strong (4G/5G)
VTL-NER-2026-0099,2026-08-25 13:30:00,NL-01-YT-9010,Interstate Passenger Bus (ASTC/Private),Public Transit,Kohima,Imphal,NH-02,Nagaland,30.3,In Transit / Moving,45.4,3.41,3,23.4,93.9,5.0,Normal,Cleared,Moderate (3G)
VTL-NER-2026-0100,2026-08-25 13:30:00,AS-07-LR-3229,Emergency Relief Convoy / NDRF Truck,Emergency Services,Guwahati,Shillong,NH-06,Assam,27.8,Halted / Traffic Congestion,9.0,11.97,1,41.1,98.1,8.2,Yes (Exceeded 8 hrs),Cleared,Strong (4G/5G)
VTL-NER-2026-0101,2026-08-25 13:30:00,NL-08-MT-1142,Heavy Freight Truck (10-Wheeler),Cargo / Logistics,Dimapur,Kohima,NH-29,Nagaland,70.8,In Transit / Moving,20.6,12.56,2,38.5,84.1,1.6,Normal,Pending Inspection,Strong (4G/5G)
VTL-NER-2026-0102,2026-08-25 13:30:00,SK-03-ZP-6290,Multi-Axle Container Truck,Cargo / Logistics,Gangtok,Mangan (North Sikkim),Indo-China Highway,Sikkim,91.2,In Transit / Moving,19.3,20.45,1,40.6,94.3,7.8,Normal,Pending Inspection,Satellite Fallback
VTL-NER-2026-0103,2026-08-25 13:30:00,TR-05-YR-1132,Interstate Passenger Bus (ASTC/Private),Public Transit,Agartala,Silchar,NH-08,Assam,69.5,In Transit / Moving,33.9,6.2,3,56.0,95.2,1.5,Normal,Cleared,Strong (4G/5G)
VTL-NER-2026-0104,2026-08-25 13:30:00,AS-07-BU-1886,Fuel Tanker (POL),Hazardous Cargo,Guwahati,Itanagar,NH-15,Assam,5.2,In Transit / Moving,38.7,8.22,1,51.4,92.4,2.4,Normal,Cleared,Strong (4G/5G)
VTL-NER-2026-0105,2026-08-25 13:30:00,MN-08-MF-1119,Emergency Relief Convoy / NDRF Truck,Emergency Services,Imphal,Moreh (Border),NH-102,Manipur,31.2,In Transit / Moving,33.1,10.72,2,90.8,93.5,2.4,Normal,Cleared,Strong (4G/5G)
VTL-NER-2026-0106,2026-08-25 13:30:00,NL-09-MW-7481,Multi-Axle Container Truck,Cargo / Logistics,Dimapur,Kohima,NH-29,Nagaland,77.1,In Transit / Moving,33.4,21.99,2,41.0,100.8,8.8,Yes (Exceeded 8 hrs),Pending Inspection,Weak (Mountain Shadow)
VTL-NER-2026-0107,2026-08-25 13:30:00,WB-02-FE-1554,Fuel Tanker (POL),Hazardous Cargo,Siliguri,Gangtok,NH-10,West Bengal,7.3,In Transit / Moving,30.4,11.09,1,92.0,94.7,8.6,Yes (Exceeded 8 hrs),Cleared,Moderate (3G)
VTL-NER-2026-0108,2026-08-25 13:30:00,AS-06-AQ-6451,Multi-Axle Container Truck,Cargo / Logistics,Guwahati,Silchar,NH-27,Assam,47.0,In Transit / Moving,36.7,39.43,1,71.5,101.3,5.2,Normal,N/A,Moderate (3G)
VTL-NER-2026-0109,2026-08-25 13:30:00,AR-03-MN-8903,Interstate Passenger Bus (ASTC/Private),Public Transit,Itanagar,Pasighat,NH-415 / NH-15,Arunachal Pradesh,91.8,In Transit / Moving,61.9,11.7,3,37.8,98.5,2.0,Normal,Pending Inspection,Strong (4G/5G)
VTL-NER-2026-0110,2026-08-25 13:30:00,AS-06-NK-1638,Border Roads Construction Dumper,Infrastructure,Tezpur,Tawang,NH-13 (Trans-Arunachal),Arunachal Pradesh,81.7,In Transit / Moving,32.2,13.88,3,73.3,86.2,4.1,Normal,Cleared,Strong (4G/5G)
VTL-NER-2026-0111,2026-08-25 13:30:00,TR-09-RU-9544,Border Roads Construction Dumper,Infrastructure,Agartala,Silchar,NH-08,Assam,53.2,In Transit / Moving,11.5,2.54,2,48.8,100.0,6.2,Normal,Pending Inspection,Strong (4G/5G)
VTL-NER-2026-0112,2026-08-25 13:30:00,NL-01-UC-9116,Light Commercial Vehicle (Bolero Pick-up),Local Supply / Freight,Kohima,Imphal,NH-02,Nagaland,29.4,Halted / Traffic Congestion,8.5,2.18,2,18.5,85.0,1.0,Normal,Cleared,Strong (4G/5G)
VTL-NER-2026-0113,2026-08-25 13:30:00,NL-03-NZ-4683,Border Roads Construction Dumper,Infrastructure,Kohima,Imphal,NH-02,Nagaland,12.8,In Transit / Moving,39.3,3.92,1,89.1,101.0,9.1,Yes (Exceeded 8 hrs),Cleared,Satellite Fallback
VTL-NER-2026-0114,2026-08-25 13:30:00,AS-03-SH-5082,Light Commercial Vehicle (Bolero Pick-up),Local Supply / Freight,Guwahati,Itanagar,NH-15,Arunachal Pradesh,58.8,In Transit / Moving,63.1,1.23,3,18.1,88.3,4.7,Normal,Cleared,Strong (4G/5G)
VTL-NER-2026-0115,2026-08-25 13:30:00,AS-07-LM-6268,Multi-Axle Container Truck,Cargo / Logistics,Guwahati,Shillong,NH-06,Assam,38.1,In Transit / Moving,47.0,9.89,2,54.4,101.6,8.1,Yes (Exceeded 8 hrs),Cleared,Strong (4G/5G)
VTL-NER-2026-0116,2026-08-25 13:30:00,AS-05-HV-5216,Border Roads Construction Dumper,Infrastructure,Tezpur,Tawang,NH-13 (Trans-Arunachal),Assam,24.9,In Transit / Moving,18.8,7.06,3,19.5,90.8,5.2,Normal,Cleared,Moderate (3G)
VTL-NER-2026-0117,2026-08-25 13:30:00,AS-09-NX-1196,Emergency Relief Convoy / NDRF Truck,Emergency Services,Silchar,Aizawl,NH-306,Assam,21.7,Halted / Traffic Congestion,2.9,3.57,2,95.6,95.5,6.6,Normal,Pending Inspection,Strong (4G/5G)
VTL-NER-2026-0118,2026-08-25 13:30:00,AS-06-RP-1866,Multi-Axle Container Truck,Cargo / Logistics,Guwahati,Shillong,NH-06,Meghalaya,82.8,In Transit / Moving,43.8,4.49,1,38.9,100.5,8.0,Normal,Cleared,Strong (4G/5G)
VTL-NER-2026-0119,2026-08-25 13:30:00,AS-04-SA-9966,Border Roads Construction Dumper,Infrastructure,Guwahati,Dibrugarh,NH-27 / NH-15,Assam,90.5,In Transit / Moving,27.3,9.77,1,51.7,90.2,3.3,Normal,Cleared,Satellite Fallback
VTL-NER-2026-0120,2026-08-25 13:30:00,NL-02-TL-6776,Light Commercial Vehicle (Bolero Pick-up),Local Supply / Freight,Dimapur,Kohima,NH-29,Nagaland,8.0,In Transit / Moving,46.6,1.53,3,71.8,84.4,3.7,Normal,Pending Inspection,Satellite Fallback
VTL-NER-2026-0121,2026-08-25 13:30:00,SK-06-XC-6935,Interstate Passenger Bus (ASTC/Private),Public Transit,Gangtok,Mangan (North Sikkim),Indo-China Highway,Sikkim,57.2,In Transit / Moving,41.9,9.52,1,63.4,98.5,5.3,Normal,Cleared,Weak (Mountain Shadow)
VTL-NER-2026-0122,2026-08-25 13:30:00,TR-02-RL-7530,SUV / Tourist Taxi (Sumo/Innova),Passenger / Tourism,Agartala,Silchar,NH-08,Tripura,43.0,In Transit / Moving,46.9,1.24,12,92.7,89.7,8.7,Yes (Exceeded 8 hrs),N/A,Strong (4G/5G)
VTL-NER-2026-0123,2026-08-25 13:30:00,ML-02-TV-3607,SUV / Tourist Taxi (Sumo/Innova),Passenger / Tourism,Shillong,Silchar,NH-06,Meghalaya,37.3,In Transit / Moving,65.4,0.99,32,69.1,100.6,6.6,Normal,Cleared,Strong (4G/5G)
VTL-NER-2026-0124,2026-08-25 13:30:00,AS-06-HU-5839,Multi-Axle Container Truck,Cargo / Logistics,Tezpur,Tawang,NH-13 (Trans-Arunachal),Arunachal Pradesh,58.8,In Transit / Moving,41.5,32.2,1,46.5,83.4,7.8,Normal,Cleared,Strong (4G/5G)
VTL-NER-2026-0125,2026-08-25 13:30:00,AS-06-EY-2891,Fuel Tanker (POL),Hazardous Cargo,Guwahati,Shillong,NH-06,Assam,33.2,In Transit / Moving,19.7,18.36,3,18.6,96.8,8.5,Yes (Exceeded 8 hrs),Cleared,Strong (4G/5G)
VTL-NER-2026-0126,2026-08-25 13:30:00,SK-02-QE-8638,Fuel Tanker (POL),Hazardous Cargo,Gangtok,Mangan (North Sikkim),Indo-China Highway,Sikkim,69.1,In Transit / Moving,23.1,3.63,2,23.8,88.8,9.1,Yes (Exceeded 8 hrs),Pending Inspection,Strong (4G/5G)
VTL-NER-2026-0127,2026-08-25 13:30:00,AS-09-PE-9630,SUV / Tourist Taxi (Sumo/Innova),Passenger / Tourism,Guwahati,Dibrugarh,NH-27 / NH-15,Assam,15.8,In Transit / Moving,57.7,1.24,6,21.0,87.7,2.4,Normal,Cleared,Strong (4G/5G)
VTL-NER-2026-0128,2026-08-25 13:30:00,TR-03-FS-2010,Emergency Relief Convoy / NDRF Truck,Emergency Services,Agartala,Silchar,NH-08,Tripura,8.7,In Transit / Moving,28.7,9.75,1,98.0,82.0,2.9,Normal,Cleared,Strong (4G/5G)
VTL-NER-2026-0129,2026-08-25 13:30:00,WB-09-EN-2168,Interstate Passenger Bus (ASTC/Private),Public Transit,Siliguri,Gangtok,NH-10,Sikkim,72.5,In Transit / Moving,47.3,0.48,1,53.6,83.5,5.5,Normal,Cleared,Strong (4G/5G)
VTL-NER-2026-0130,2026-08-25 13:30:00,AS-08-GG-2175,Interstate Passenger Bus (ASTC/Private),Public Transit,Guwahati,Silchar,NH-27,Assam,81.3,Halted / Traffic Congestion,7.7,8.79,2,97.7,98.4,9.0,Yes (Exceeded 8 hrs),Cleared,Moderate (3G)
VTL-NER-2026-0131,2026-08-25 13:30:00,AS-08-SX-3711,Multi-Axle Container Truck,Cargo / Logistics,Silchar,Aizawl,NH-306,Mizoram,90.6,Halted / Traffic Congestion,6.3,5.16,3,88.7,82.6,3.9,Normal,Customs/Inner Line Permit (ILP) Verification,Strong (4G/5G)
VTL-NER-2026-0132,2026-08-25 13:30:00,AS-05-GH-3326,SUV / Tourist Taxi (Sumo/Innova),Passenger / Tourism,Guwahati,Dibrugarh,NH-27 / NH-15,Assam,58.3,In Transit / Moving,55.2,0.81,31,76.4,100.9,8.2,Yes (Exceeded 8 hrs),Cleared,Strong (4G/5G)
VTL-NER-2026-0133,2026-08-25 13:30:00,AR-07-YB-1414,Emergency Relief Convoy / NDRF Truck,Emergency Services,Itanagar,Pasighat,NH-415 / NH-15,Arunachal Pradesh,16.5,Pit Stop / Checkpost Inspection,0.0,12.13,1,97.1,71.3,5.2,Normal,Cleared,Moderate (3G)
VTL-NER-2026-0134,2026-08-25 13:30:00,SK-01-AZ-9830,SUV / Tourist Taxi (Sumo/Innova),Passenger / Tourism,Gangtok,Mangan (North Sikkim),Indo-China Highway,Sikkim,50.2,In Transit / Moving,69.8,0.53,40,30.1,100.1,1.0,Normal,Cleared,Strong (4G/5G)
VTL-NER-2026-0135,2026-08-25 13:30:00,AS-04-ZG-7818,Fuel Tanker (POL),Hazardous Cargo,Guwahati,Silchar,NH-27,Assam,91.8,In Transit / Moving,23.5,10.15,1,71.7,84.9,4.8,Normal,Customs/Inner Line Permit (ILP) Verification,Strong (4G/5G)
VTL-NER-2026-0136,2026-08-25 13:30:00,WB-01-SI-3195,SUV / Tourist Taxi (Sumo/Innova),Passenger / Tourism,Siliguri,Gangtok,NH-10,West Bengal,23.1,Halted / Landslide Blockade,0.0,1.43,33,72.7,75.4,1.5,Normal,Cleared,Strong (4G/5G)
VTL-NER-2026-0137,2026-08-25 13:30:00,WB-05-LB-8940,Emergency Relief Convoy / NDRF Truck,Emergency Services,Siliguri,Gangtok,NH-10,Sikkim,53.4,Halted / Traffic Congestion,4.4,1.53,1,62.8,95.9,3.5,Normal,Cleared,Strong (4G/5G)
VTL-NER-2026-0138,2026-08-25 13:30:00,AS-01-RF-7691,Emergency Relief Convoy / NDRF Truck,Emergency Services,Guwahati,Dibrugarh,NH-27 / NH-15,Assam,5.5,In Transit / Moving,31.1,7.83,1,73.1,83.5,6.1,Normal,Customs/Inner Line Permit (ILP) Verification,Satellite Fallback
VTL-NER-2026-0139,2026-08-25 13:30:00,ML-01-YN-8787,Fuel Tanker (POL),Hazardous Cargo,Shillong,Silchar,NH-06,Assam,63.9,In Transit / Moving,41.6,2.27,3,26.0,87.5,6.8,Normal,Cleared,Weak (Mountain Shadow)
VTL-NER-2026-0140,2026-08-25 13:30:00,AS-06-CH-8586,Heavy Freight Truck (10-Wheeler),Cargo / Logistics,Guwahati,Shillong,NH-06,Assam,22.4,In Transit / Moving,33.9,8.85,3,56.6,87.3,8.1,Yes (Exceeded 8 hrs),Cleared,Strong (4G/5G)
VTL-NER-2026-0141,2026-08-25 13:30:00,AS-09-ZJ-8862,Border Roads Construction Dumper,Infrastructure,Guwahati,Shillong,NH-06,Assam,17.9,In Transit / Moving,17.7,6.46,1,30.7,85.8,2.5,Normal,Cleared,Moderate (3G)
VTL-NER-2026-0142,2026-08-25 13:30:00,NL-04-OQ-8553,Border Roads Construction Dumper,Infrastructure,Kohima,Imphal,NH-02,Nagaland,20.4,In Transit / Moving,27.6,8.79,3,24.7,95.9,0.7,Normal,Pending Inspection,Strong (4G/5G)
VTL-NER-2026-0143,2026-08-25 13:30:00,SK-08-CP-9334,Border Roads Construction Dumper,Infrastructure,Gangtok,Mangan (North Sikkim),Indo-China Highway,Sikkim,77.4,In Transit / Moving,12.4,12.36,3,20.1,82.1,2.8,Normal,Customs/Inner Line Permit (ILP) Verification,Moderate (3G)
VTL-NER-2026-0144,2026-08-25 13:30:00,SK-09-DZ-1043,Emergency Relief Convoy / NDRF Truck,Emergency Services,Gangtok,Mangan (North Sikkim),Indo-China Highway,Sikkim,29.8,In Transit / Moving,47.8,4.27,3,37.5,85.0,8.9,Yes (Exceeded 8 hrs),Cleared,Strong (4G/5G)
VTL-NER-2026-0145,2026-08-25 13:30:00,AS-08-WG-7415,Interstate Passenger Bus (ASTC/Private),Public Transit,Silchar,Aizawl,NH-306,Mizoram,75.0,In Transit / Moving,53.8,2.26,2,66.5,95.1,0.8,Normal,Cleared,Strong (4G/5G)
VTL-NER-2026-0146,2026-08-25 13:30:00,WB-09-DB-3903,SUV / Tourist Taxi (Sumo/Innova),Passenger / Tourism,Siliguri,Gangtok,NH-10,West Bengal,32.2,In Transit / Moving,58.5,0.87,22,73.7,92.6,4.5,Normal,Customs/Inner Line Permit (ILP) Verification,Strong (4G/5G)
VTL-NER-2026-0147,2026-08-25 13:30:00,NL-02-OZ-7804,SUV / Tourist Taxi (Sumo/Innova),Passenger / Tourism,Kohima,Imphal,NH-02,Nagaland,5.4,In Transit / Moving,57.6,1.37,39,79.2,87.0,8.5,Yes (Exceeded 8 hrs),Cleared,Weak (Mountain Shadow)
VTL-NER-2026-0148,2026-08-25 13:30:00,ML-09-ZJ-3039,Interstate Passenger Bus (ASTC/Private),Public Transit,Shillong,Silchar,NH-06,Assam,74.2,Pit Stop / Checkpost Inspection,0.0,10.13,3,48.5,77.3,2.4,Normal,Cleared,Moderate (3G)
VTL-NER-2026-0149,2026-08-25 13:30:00,AR-06-TL-9640,Fuel Tanker (POL),Hazardous Cargo,Itanagar,Pasighat,NH-415 / NH-15,Arunachal Pradesh,26.3,In Transit / Moving,24.0,18.23,2,28.8,92.0,6.5,Normal,Pending Inspection,Strong (4G/5G)
VTL-NER-2026-0150,2026-08-25 13:30:00,NL-01-HD-8722,Light Commercial Vehicle (Bolero Pick-up),Local Supply / Freight,Dimapur,Kohima,NH-29,Nagaland,91.8,In Transit / Moving,60.6,1.47,2,74.1,84.0,8.7,Yes (Exceeded 8 hrs),N/A,Strong (4G/5G)
VTL-NER-2026-0151,2026-08-25 13:30:00,AS-05-DE-2673,Light Commercial Vehicle (Bolero Pick-up),Local Supply / Freight,Guwahati,Dibrugarh,NH-27 / NH-15,Assam,79.1,Halted / Traffic Congestion,12.0,3.26,2,64.1,87.9,0.8,Normal,Cleared,Strong (4G/5G)
VTL-NER-2026-0152,2026-08-25 13:30:00,AS-08-ZM-8525,Fuel Tanker (POL),Hazardous Cargo,Guwahati,Dibrugarh,NH-27 / NH-15,Assam,53.1,In Transit / Moving,37.6,4.91,3,25.9,98.9,3.4,Normal,Pending Inspection,Strong (4G/5G)
VTL-NER-2026-0153,2026-08-25 13:30:00,WB-01-GP-1705,Heavy Freight Truck (10-Wheeler),Cargo / Logistics,Siliguri,Gangtok,NH-10,West Bengal,30.1,In Transit / Moving,47.7,9.97,1,78.3,95.6,7.3,Normal,Cleared,Strong (4G/5G)
VTL-NER-2026-0154,2026-08-25 13:30:00,WB-08-IC-4236,Multi-Axle Container Truck,Cargo / Logistics,Siliguri,Gangtok,NH-10,Sikkim,58.5,In Transit / Moving,35.2,14.51,1,77.4,95.1,7.8,Normal,Cleared,Weak (Mountain Shadow)
VTL-NER-2026-0155,2026-08-25 13:30:00,MN-05-DE-5683,Multi-Axle Container Truck,Cargo / Logistics,Imphal,Moreh (Border),NH-102,Manipur,48.0,Halted / Traffic Congestion,3.1,37.64,2,57.2,97.8,6.5,Normal,Cleared,Strong (4G/5G)
VTL-NER-2026-0156,2026-08-25 13:30:00,AR-02-QB-4806,Heavy Freight Truck (10-Wheeler),Cargo / Logistics,Itanagar,Pasighat,NH-415 / NH-15,Arunachal Pradesh,61.7,In Transit / Moving,49.6,18.2,1,52.3,95.5,5.6,Normal,Cleared,Weak (Mountain Shadow)
VTL-NER-2026-0157,2026-08-25 13:30:00,AS-09-AZ-3210,Interstate Passenger Bus (ASTC/Private),Public Transit,Guwahati,Dibrugarh,NH-27 / NH-15,Assam,43.1,In Transit / Moving,47.6,10.95,1,44.6,101.8,1.0,Normal,Cleared,Strong (4G/5G)
VTL-NER-2026-0158,2026-08-25 13:30:00,NL-08-AY-7072,Emergency Relief Convoy / NDRF Truck,Emergency Services,Kohima,Imphal,NH-02,Nagaland,7.0,In Transit / Moving,54.9,7.91,3,16.5,82.9,6.6,Normal,N/A,Strong (4G/5G)
VTL-NER-2026-0159,2026-08-25 13:30:00,NL-04-ES-4738,Multi-Axle Container Truck,Cargo / Logistics,Dimapur,Kohima,NH-29,Nagaland,58.8,In Transit / Moving,20.1,38.42,3,30.4,84.2,1.4,Normal,Cleared,Strong (4G/5G)
VTL-NER-2026-0160,2026-08-25 13:30:00,WB-08-XT-2939,Emergency Relief Convoy / NDRF Truck,Emergency Services,Siliguri,Gangtok,NH-10,Sikkim,50.2,In Transit / Moving,55.4,3.14,1,63.8,86.1,2.1,Normal,Cleared,Weak (Mountain Shadow)
VTL-NER-2026-0161,2026-08-25 13:30:00,AS-05-KO-9345,Emergency Relief Convoy / NDRF Truck,Emergency Services,Guwahati,Shillong,NH-06,Assam,15.6,In Transit / Moving,46.7,14.07,2,23.6,101.7,5.7,Normal,Cleared,Moderate (3G)
VTL-NER-2026-0162,2026-08-25 13:30:00,WB-02-KR-2008,Emergency Relief Convoy / NDRF Truck,Emergency Services,Siliguri,Gangtok,NH-10,West Bengal,17.7,In Transit / Moving,53.3,11.4,3,42.7,91.4,4.9,Normal,Pending Inspection,Strong (4G/5G)
VTL-NER-2026-0163,2026-08-25 13:30:00,SK-04-EN-7897,SUV / Tourist Taxi (Sumo/Innova),Passenger / Tourism,Gangtok,Mangan (North Sikkim),Indo-China Highway,Sikkim,28.0,In Transit / Moving,41.5,1.41,27,59.1,93.3,6.4,Normal,Cleared,Moderate (3G)
VTL-NER-2026-0164,2026-08-25 13:30:00,SK-09-DH-7713,Fuel Tanker (POL),Hazardous Cargo,Gangtok,Mangan (North Sikkim),Indo-China Highway,Sikkim,66.5,In Transit / Moving,20.2,9.96,2,80.4,87.7,7.6,Normal,Cleared,Strong (4G/5G)
VTL-NER-2026-0165,2026-08-25 13:30:00,AS-08-SY-6364,Multi-Axle Container Truck,Cargo / Logistics,Guwahati,Shillong,NH-06,Assam,24.3,In Transit / Moving,25.1,28.34,2,38.3,82.8,8.1,Yes (Exceeded 8 hrs),Cleared,Strong (4G/5G)
VTL-NER-2026-0166,2026-08-25 13:30:00,SK-06-KB-2031,Heavy Freight Truck (10-Wheeler),Cargo / Logistics,Gangtok,Mangan (North Sikkim),Indo-China Highway,Sikkim,33.9,In Transit / Moving,47.0,16.37,3,66.3,84.1,7.6,Normal,Cleared,Strong (4G/5G)
VTL-NER-2026-0167,2026-08-25 13:30:00,AS-09-NA-2065,Border Roads Construction Dumper,Infrastructure,Guwahati,Shillong,NH-06,Meghalaya,56.8,Halted / Landslide Blockade,0.0,16.01,2,82.9,73.4,5.1,Normal,Cleared,Moderate (3G)
VTL-NER-2026-0168,2026-08-25 13:30:00,WB-08-PB-9436,Multi-Axle Container Truck,Cargo / Logistics,Siliguri,Gangtok,NH-10,Sikkim,73.2,In Transit / Moving,20.7,4.13,2,56.4,88.0,4.4,Normal,Cleared,Strong (4G/5G)
VTL-NER-2026-0169,2026-08-25 13:30:00,AS-07-BS-7930,SUV / Tourist Taxi (Sumo/Innova),Passenger / Tourism,Guwahati,Shillong,NH-06,Meghalaya,91.9,In Transit / Moving,54.6,1.42,27,81.1,88.4,1.2,Normal,Cleared,Strong (4G/5G)
VTL-NER-2026-0170,2026-08-25 13:30:00,AR-09-GS-5732,Border Roads Construction Dumper,Infrastructure,Itanagar,Pasighat,NH-415 / NH-15,Arunachal Pradesh,10.4,In Transit / Moving,12.6,13.46,3,64.1,97.0,1.0,Normal,Cleared,Strong (4G/5G)
VTL-NER-2026-0171,2026-08-25 13:30:00,AS-06-MK-8371,SUV / Tourist Taxi (Sumo/Innova),Passenger / Tourism,Guwahati,Dibrugarh,NH-27 / NH-15,Assam,40.2,In Transit / Moving,49.4,0.66,14,32.8,85.3,6.0,Normal,Cleared,Moderate (3G)
VTL-NER-2026-0172,2026-08-25 13:30:00,AS-09-GB-9366,Heavy Freight Truck (10-Wheeler),Cargo / Logistics,Guwahati,Dibrugarh,NH-27 / NH-15,Assam,10.2,In Transit / Moving,29.3,1.63,1,80.7,96.7,9.3,Yes (Exceeded 8 hrs),Cleared,Strong (4G/5G)
VTL-NER-2026-0173,2026-08-25 13:30:00,AS-03-AZ-8422,Interstate Passenger Bus (ASTC/Private),Public Transit,Guwahati,Itanagar,NH-15,Arunachal Pradesh,54.1,In Transit / Moving,37.4,9.14,3,43.3,82.4,4.9,Normal,Cleared,Moderate (3G)
VTL-NER-2026-0174,2026-08-25 13:30:00,AS-05-KG-7416,Light Commercial Vehicle (Bolero Pick-up),Local Supply / Freight,Guwahati,Dibrugarh,NH-27 / NH-15,Assam,67.1,In Transit / Moving,62.5,3.07,1,80.8,83.5,2.7,Normal,Pending Inspection,Strong (4G/5G)
VTL-NER-2026-0175,2026-08-25 13:30:00,NL-08-MM-2811,Emergency Relief Convoy / NDRF Truck,Emergency Services,Dimapur,Kohima,NH-29,Nagaland,78.3,Halted / Landslide Blockade,0.0,14.38,2,92.9,80.4,3.6,Normal,Cleared,Strong (4G/5G)
VTL-NER-2026-0176,2026-08-25 13:30:00,ML-05-OA-3515,Fuel Tanker (POL),Hazardous Cargo,Shillong,Silchar,NH-06,Meghalaya,21.5,In Transit / Moving,16.9,1.92,3,87.9,87.0,6.3,Normal,Cleared,Strong (4G/5G)
VTL-NER-2026-0177,2026-08-25 13:30:00,WB-07-NK-3933,SUV / Tourist Taxi (Sumo/Innova),Passenger / Tourism,Siliguri,Gangtok,NH-10,Sikkim,82.4,In Transit / Moving,60.9,1.73,38,87.8,85.3,6.2,Normal,Cleared,Weak (Mountain Shadow)
VTL-NER-2026-0178,2026-08-25 13:30:00,TR-05-XZ-8276,Fuel Tanker (POL),Hazardous Cargo,Agartala,Silchar,NH-08,Tripura,23.0,In Transit / Moving,21.8,16.92,3,31.1,93.1,5.5,Normal,Cleared,Moderate (3G)
VTL-NER-2026-0179,2026-08-25 13:30:00,AS-03-LO-6539,Fuel Tanker (POL),Hazardous Cargo,Guwahati,Itanagar,NH-15,Assam,21.9,In Transit / Moving,19.3,10.33,2,34.7,85.7,4.8,Normal,Cleared,Strong (4G/5G)
VTL-NER-2026-0180,2026-08-25 13:30:00,AS-03-UZ-8620,SUV / Tourist Taxi (Sumo/Innova),Passenger / Tourism,Guwahati,Itanagar,NH-15,Arunachal Pradesh,80.0,In Transit / Moving,41.4,1.59,32,65.8,91.3,8.3,Yes (Exceeded 8 hrs),Cleared,Strong (4G/5G)
VTL-NER-2026-0181,2026-08-25 13:30:00,AS-09-KV-4695,Fuel Tanker (POL),Hazardous Cargo,Tezpur,Tawang,NH-13 (Trans-Arunachal),Arunachal Pradesh,92.9,In Transit / Moving,26.7,11.39,1,74.8,101.2,3.7,Normal,Pending Inspection,Strong (4G/5G)
VTL-NER-2026-0182,2026-08-25 13:30:00,AS-02-VU-8111,Light Commercial Vehicle (Bolero Pick-up),Local Supply / Freight,Guwahati,Silchar,NH-27,Assam,91.2,In Transit / Moving,46.3,1.09,3,74.5,84.1,2.9,Normal,Cleared,Strong (4G/5G)
VTL-NER-2026-0183,2026-08-25 13:30:00,AS-07-YO-2539,Border Roads Construction Dumper,Infrastructure,Silchar,Aizawl,NH-306,Mizoram,73.1,In Transit / Moving,21.8,7.83,3,27.4,92.1,8.8,Yes (Exceeded 8 hrs),Customs/Inner Line Permit (ILP) Verification,Strong (4G/5G)
VTL-NER-2026-0184,2026-08-25 13:30:00,MN-08-BN-1690,Fuel Tanker (POL),Hazardous Cargo,Imphal,Moreh (Border),NH-102,Manipur,82.9,In Transit / Moving,17.6,15.11,1,65.7,93.8,4.3,Normal,Cleared,Moderate (3G)
VTL-NER-2026-0185,2026-08-25 13:30:00,AS-02-GK-6340,SUV / Tourist Taxi (Sumo/Innova),Passenger / Tourism,Guwahati,Dibrugarh,NH-27 / NH-15,Assam,48.8,In Transit / Moving,54.3,0.72,16,75.8,87.8,0.6,Normal,Pending Inspection,Strong (4G/5G)
VTL-NER-2026-0186,2026-08-25 13:30:00,TR-07-RW-2666,Interstate Passenger Bus (ASTC/Private),Public Transit,Agartala,Silchar,NH-08,Tripura,47.0,In Transit / Moving,51.9,6.17,1,37.2,92.7,8.3,Yes (Exceeded 8 hrs),Cleared,Weak (Mountain Shadow)
VTL-NER-2026-0187,2026-08-25 13:30:00,TR-01-ID-8499,Border Roads Construction Dumper,Infrastructure,Agartala,Silchar,NH-08,Tripura,16.4,In Transit / Moving,17.8,0.82,2,64.4,82.4,8.6,Yes (Exceeded 8 hrs),Cleared,Strong (4G/5G)
VTL-NER-2026-0188,2026-08-25 13:30:00,NL-09-TM-4370,Light Commercial Vehicle (Bolero Pick-up),Local Supply / Freight,Kohima,Imphal,NH-02,Manipur,60.5,Maintenance / Breakdown,0.0,2.86,2,73.6,77.8,2.2,Normal,Customs/Inner Line Permit (ILP) Verification,Strong (4G/5G)
VTL-NER-2026-0189,2026-08-25 13:30:00,NL-07-TX-2112,Border Roads Construction Dumper,Infrastructure,Kohima,Imphal,NH-02,Nagaland,6.2,Maintenance / Breakdown,0.0,16.65,3,16.2,87.7,8.8,Yes (Exceeded 8 hrs),Cleared,Satellite Fallback
VTL-NER-2026-0190,2026-08-25 13:30:00,NL-01-QH-5067,Emergency Relief Convoy / NDRF Truck,Emergency Services,Dimapur,Kohima,NH-29,Nagaland,20.1,Halted / Landslide Blockade,0.0,9.44,3,73.9,73.0,7.1,Normal,Cleared,Strong (4G/5G)
VTL-NER-2026-0191,2026-08-25 13:30:00,NL-08-OI-8901,Multi-Axle Container Truck,Cargo / Logistics,Kohima,Imphal,NH-02,Nagaland,24.0,In Transit / Moving,25.5,19.73,1,87.5,94.6,4.5,Normal,Cleared,Weak (Mountain Shadow)
VTL-NER-2026-0192,2026-08-25 13:30:00,AS-02-EQ-3937,Multi-Axle Container Truck,Cargo / Logistics,Tezpur,Tawang,NH-13 (Trans-Arunachal),Arunachal Pradesh,60.3,In Transit / Moving,21.9,1.72,2,72.0,98.8,4.8,Normal,Cleared,Strong (4G/5G)
VTL-NER-2026-0193,2026-08-25 13:30:00,AS-04-HE-1216,Multi-Axle Container Truck,Cargo / Logistics,Silchar,Aizawl,NH-306,Assam,14.3,Halted / Traffic Congestion,5.7,24.3,1,36.4,87.9,3.9,Normal,Cleared,Strong (4G/5G)
VTL-NER-2026-0194,2026-08-25 13:30:00,AS-07-JP-1417,Border Roads Construction Dumper,Infrastructure,Tezpur,Tawang,NH-13 (Trans-Arunachal),Assam,42.7,Halted / Landslide Blockade,0.0,13.64,1,30.9,78.3,1.8,Normal,Cleared,Weak (Mountain Shadow)
VTL-NER-2026-0195,2026-08-25 13:30:00,AS-08-JP-2568,Interstate Passenger Bus (ASTC/Private),Public Transit,Tezpur,Tawang,NH-13 (Trans-Arunachal),Arunachal Pradesh,60.0,Pit Stop / Checkpost Inspection,0.0,9.12,3,15.7,81.6,1.6,Normal,Cleared,Strong (4G/5G)
VTL-NER-2026-0196,2026-08-25 13:30:00,AS-04-LB-7105,Multi-Axle Container Truck,Cargo / Logistics,Guwahati,Dibrugarh,NH-27 / NH-15,Assam,86.4,In Transit / Moving,40.0,35.27,2,39.9,101.9,1.1,Normal,Cleared,Moderate (3G)
VTL-NER-2026-0197,2026-08-25 13:30:00,TR-01-FL-2317,Heavy Freight Truck (10-Wheeler),Cargo / Logistics,Agartala,Silchar,NH-08,Tripura,38.9,In Transit / Moving,40.2,14.74,2,22.8,101.2,9.0,Yes (Exceeded 8 hrs),Customs/Inner Line Permit (ILP) Verification,Strong (4G/5G)
VTL-NER-2026-0198,2026-08-25 13:30:00,SK-08-UV-4285,Interstate Passenger Bus (ASTC/Private),Public Transit,Gangtok,Mangan (North Sikkim),Indo-China Highway,Sikkim,26.9,In Transit / Moving,54.1,10.14,3,29.1,85.4,1.1,Normal,Customs/Inner Line Permit (ILP) Verification,Strong (4G/5G)
VTL-NER-2026-0199,2026-08-25 13:30:00,AS-08-SD-3067,Fuel Tanker (POL),Hazardous Cargo,Guwahati,Itanagar,NH-15,Arunachal Pradesh,65.4,In Transit / Moving,31.0,19.32,2,58.1,90.4,8.4,Yes (Exceeded 8 hrs),N/A,Strong (4G/5G)
VTL-NER-2026-0200,2026-08-25 13:30:00,ML-08-ER-3040,SUV / Tourist Taxi (Sumo/Innova),Passenger / Tourism,Shillong,Silchar,NH-06,Assam,80.6,In Transit / Moving,52.6,1.78,21,40.9,94.2,4.1,Normal,Pending Inspection,Strong (4G/5G)
VTL-NER-2026-0201,2026-08-25 13:30:00,SK-06-NH-4961,Border Roads Construction Dumper,Infrastructure,Gangtok,Mangan (North Sikkim),Indo-China Highway,Sikkim,63.5,In Transit / Moving,21.1,0.83,3,85.4,87.5,4.4,Normal,Cleared,Strong (4G/5G)
VTL-NER-2026-0202,2026-08-25 13:30:00,TR-09-TJ-3553,Heavy Freight Truck (10-Wheeler),Cargo / Logistics,Agartala,Silchar,NH-08,Tripura,8.0,In Transit / Moving,25.0,10.21,3,30.0,94.7,5.4,Normal,Cleared,Strong (4G/5G)
VTL-NER-2026-0203,2026-08-25 13:30:00,AS-04-KV-6422,Fuel Tanker (POL),Hazardous Cargo,Guwahati,Itanagar,NH-15,Arunachal Pradesh,65.8,In Transit / Moving,44.5,15.46,3,27.3,92.8,9.4,Yes (Exceeded 8 hrs),Cleared,Moderate (3G)
VTL-NER-2026-0204,2026-08-25 13:30:00,MN-06-KW-8375,SUV / Tourist Taxi (Sumo/Innova),Passenger / Tourism,Imphal,Moreh (Border),NH-102,Manipur,45.2,In Transit / Moving,52.8,1.1,23,26.5,85.6,6.0,Normal,Customs/Inner Line Permit (ILP) Verification,Strong (4G/5G)
VTL-NER-2026-0205,2026-08-25 13:30:00,TR-06-UW-8277,Multi-Axle Container Truck,Cargo / Logistics,Agartala,Silchar,NH-08,Tripura,14.3,In Transit / Moving,30.5,33.86,3,88.5,91.4,4.9,Normal,Customs/Inner Line Permit (ILP) Verification,Moderate (3G)
VTL-NER-2026-0206,2026-08-25 13:30:00,WB-05-AB-4102,Emergency Relief Convoy / NDRF Truck,Emergency Services,Siliguri,Gangtok,NH-10,West Bengal,32.8,In Transit / Moving,40.1,11.37,2,41.0,95.6,6.7,Normal,Cleared,Strong (4G/5G)
VTL-NER-2026-0207,2026-08-25 13:30:00,MN-06-TC-9939,Heavy Freight Truck (10-Wheeler),Cargo / Logistics,Imphal,Moreh (Border),NH-102,Manipur,40.0,In Transit / Moving,43.0,20.72,2,73.9,96.9,6.8,Normal,Cleared,Strong (4G/5G)
VTL-NER-2026-0208,2026-08-25 13:30:00,AS-05-DZ-8220,Multi-Axle Container Truck,Cargo / Logistics,Guwahati,Shillong,NH-06,Meghalaya,57.7,In Transit / Moving,39.5,13.51,2,55.2,93.1,2.6,Normal,Cleared,Moderate (3G)
VTL-NER-2026-0209,2026-08-25 13:30:00,NL-05-SE-5101,Border Roads Construction Dumper,Infrastructure,Dimapur,Kohima,NH-29,Nagaland,28.6,In Transit / Moving,34.4,7.29,3,16.6,92.6,7.7,Normal,Cleared,Weak (Mountain Shadow)
VTL-NER-2026-0210,2026-08-25 13:30:00,TR-06-VQ-2547,Interstate Passenger Bus (ASTC/Private),Public Transit,Agartala,Silchar,NH-08,Assam,57.2,In Transit / Moving,51.2,8.29,1,18.6,83.8,7.3,Normal,Cleared,Moderate (3G)
VTL-NER-2026-0211,2026-08-25 13:30:00,AS-05-PW-2064,Multi-Axle Container Truck,Cargo / Logistics,Silchar,Aizawl,NH-306,Assam,31.2,In Transit / Moving,22.1,26.56,1,94.6,100.3,7.4,Normal,N/A,Strong (4G/5G)
VTL-NER-2026-0212,2026-08-25 13:30:00,NL-03-TD-5033,Fuel Tanker (POL),Hazardous Cargo,Dimapur,Kohima,NH-29,Nagaland,23.8,Pit Stop / Checkpost Inspection,0.0,1.92,3,39.9,85.0,6.5,Normal,Cleared,Strong (4G/5G)
VTL-NER-2026-0213,2026-08-25 13:30:00,AS-02-BN-1684,Multi-Axle Container Truck,Cargo / Logistics,Guwahati,Dibrugarh,NH-27 / NH-15,Assam,5.9,In Transit / Moving,37.0,30.06,1,41.5,82.2,8.3,Yes (Exceeded 8 hrs),Cleared,Strong (4G/5G)
VTL-NER-2026-0214,2026-08-25 13:30:00,NL-08-ZY-4660,SUV / Tourist Taxi (Sumo/Innova),Passenger / Tourism,Kohima,Imphal,NH-02,Nagaland,27.5,In Transit / Moving,61.8,1.5,8,50.8,87.2,6.9,Normal,Pending Inspection,Strong (4G/5G)
VTL-NER-2026-0215,2026-08-25 13:30:00,AS-05-LS-9737,Border Roads Construction Dumper,Infrastructure,Guwahati,Shillong,NH-06,Meghalaya,62.1,In Transit / Moving,35.2,10.66,2,60.8,89.9,6.4,Normal,Cleared,Strong (4G/5G)
VTL-NER-2026-0216,2026-08-25 13:30:00,NL-03-MT-5210,Heavy Freight Truck (10-Wheeler),Cargo / Logistics,Dimapur,Kohima,NH-29,Nagaland,91.2,In Transit / Moving,41.5,9.22,1,58.2,82.5,4.7,Normal,Cleared,Strong (4G/5G)
VTL-NER-2026-0217,2026-08-25 13:30:00,TR-05-YH-3716,Multi-Axle Container Truck,Cargo / Logistics,Agartala,Silchar,NH-08,Tripura,17.1,In Transit / Moving,33.5,39.05,1,88.2,93.1,2.8,Normal,Cleared,Satellite Fallback
VTL-NER-2026-0218,2026-08-25 13:30:00,AS-09-KN-9024,Multi-Axle Container Truck,Cargo / Logistics,Guwahati,Shillong,NH-06,Meghalaya,82.8,Pit Stop / Checkpost Inspection,0.0,4.68,3,82.4,85.5,9.4,Yes (Exceeded 8 hrs),Cleared,Strong (4G/5G)
VTL-NER-2026-0219,2026-08-25 13:30:00,SK-07-WP-2262,Light Commercial Vehicle (Bolero Pick-up),Local Supply / Freight,Gangtok,Mangan (North Sikkim),Indo-China Highway,Sikkim,32.9,In Transit / Moving,44.4,3.2,2,92.0,86.7,6.4,Normal,Cleared,Strong (4G/5G)
VTL-NER-2026-0220,2026-08-25 13:30:00,NL-09-NC-2341,SUV / Tourist Taxi (Sumo/Innova),Passenger / Tourism,Kohima,Imphal,NH-02,Manipur,85.6,Halted / Landslide Blockade,0.0,0.65,31,52.2,73.2,3.6,Normal,Cleared,Strong (4G/5G)
VTL-NER-2026-0221,2026-08-25 13:30:00,AS-08-YL-4217,Interstate Passenger Bus (ASTC/Private),Public Transit,Guwahati,Shillong,NH-06,Meghalaya,50.6,In Transit / Moving,57.5,2.72,1,35.1,91.9,5.9,Normal,Cleared,Moderate (3G)
VTL-NER-2026-0222,2026-08-25 13:30:00,ML-02-JC-6068,Heavy Freight Truck (10-Wheeler),Cargo / Logistics,Shillong,Silchar,NH-06,Meghalaya,26.0,In Transit / Moving,26.8,3.96,2,70.0,88.9,7.8,Normal,Cleared,Moderate (3G)
VTL-NER-2026-0223,2026-08-25 13:30:00,AR-08-FG-7398,SUV / Tourist Taxi (Sumo/Innova),Passenger / Tourism,Itanagar,Pasighat,NH-415 / NH-15,Arunachal Pradesh,18.0,In Transit / Moving,62.1,1.58,12,15.1,101.0,7.4,Normal,Cleared,Strong (4G/5G)
VTL-NER-2026-0224,2026-08-25 13:30:00,AR-01-NU-1422,Light Commercial Vehicle (Bolero Pick-up),Local Supply / Freight,Itanagar,Pasighat,NH-415 / NH-15,Arunachal Pradesh,52.4,In Transit / Moving,54.7,2.13,1,55.9,82.3,1.0,Normal,Cleared,Strong (4G/5G)
VTL-NER-2026-0225,2026-08-25 13:30:00,ML-08-VP-1550,Heavy Freight Truck (10-Wheeler),Cargo / Logistics,Shillong,Silchar,NH-06,Meghalaya,30.8,In Transit / Moving,34.5,3.89,2,33.7,89.9,2.2,Normal,Pending Inspection,Strong (4G/5G)
VTL-NER-2026-0226,2026-08-25 13:30:00,AS-06-XA-6276,Multi-Axle Container Truck,Cargo / Logistics,Guwahati,Dibrugarh,NH-27 / NH-15,Assam,59.2,Halted / Traffic Congestion,6.1,29.7,2,92.0,87.9,0.5,Normal,Cleared,Strong (4G/5G)
VTL-NER-2026-0227,2026-08-25 13:30:00,ML-07-UN-7038,Border Roads Construction Dumper,Infrastructure,Shillong,Silchar,NH-06,Assam,93.4,In Transit / Moving,22.7,14.99,3,15.6,95.4,6.1,Normal,Cleared,Moderate (3G)
VTL-NER-2026-0228,2026-08-25 13:30:00,AS-07-PW-8759,Heavy Freight Truck (10-Wheeler),Cargo / Logistics,Silchar,Aizawl,NH-306,Assam,15.3,In Transit / Moving,36.0,19.83,3,82.9,85.9,6.3,Normal,Cleared,Strong (4G/5G)
VTL-NER-2026-0229,2026-08-25 13:30:00,NL-06-LR-7756,Fuel Tanker (POL),Hazardous Cargo,Kohima,Imphal,NH-02,Manipur,86.9,In Transit / Moving,30.9,6.7,2,74.1,82.0,7.1,Normal,Cleared,Strong (4G/5G)
VTL-NER-2026-0230,2026-08-25 13:30:00,MN-07-AR-5707,Heavy Freight Truck (10-Wheeler),Cargo / Logistics,Imphal,Moreh (Border),NH-102,Manipur,93.0,In Transit / Moving,49.4,6.87,1,23.6,90.8,0.8,Normal,Cleared,Moderate (3G)
VTL-NER-2026-0231,2026-08-25 13:30:00,ML-04-DQ-4015,SUV / Tourist Taxi (Sumo/Innova),Passenger / Tourism,Shillong,Silchar,NH-06,Meghalaya,47.1,In Transit / Moving,53.0,1.39,8,24.9,93.5,3.2,Normal,Cleared,Moderate (3G)
VTL-NER-2026-0232,2026-08-25 13:30:00,AS-03-VI-3190,SUV / Tourist Taxi (Sumo/Innova),Passenger / Tourism,Silchar,Aizawl,NH-306,Mizoram,66.2,Pit Stop / Checkpost Inspection,0.0,1.77,33,16.2,73.1,8.5,Yes (Exceeded 8 hrs),Cleared,Moderate (3G)
VTL-NER-2026-0233,2026-08-25 13:30:00,ML-09-TU-9941,Border Roads Construction Dumper,Infrastructure,Shillong,Silchar,NH-06,Meghalaya,14.8,In Transit / Moving,37.5,5.6,3,24.0,93.7,4.2,Normal,Cleared,Moderate (3G)
VTL-NER-2026-0234,2026-08-25 13:30:00,MN-01-IG-7162,Emergency Relief Convoy / NDRF Truck,Emergency Services,Imphal,Moreh (Border),NH-102,Manipur,81.8,In Transit / Moving,26.6,4.19,2,53.1,89.9,5.9,Normal,Cleared,Strong (4G/5G)
VTL-NER-2026-0235,2026-08-25 13:30:00,AS-06-RC-4237,SUV / Tourist Taxi (Sumo/Innova),Passenger / Tourism,Tezpur,Tawang,NH-13 (Trans-Arunachal),Arunachal Pradesh,82.4,Halted / Landslide Blockade,0.0,1.45,4,37.4,80.9,7.7,Normal,Cleared,Strong (4G/5G)
VTL-NER-2026-0236,2026-08-25 13:30:00,AS-02-BA-4923,Emergency Relief Convoy / NDRF Truck,Emergency Services,Guwahati,Dibrugarh,NH-27 / NH-15,Assam,72.4,In Transit / Moving,53.5,9.43,1,94.2,90.2,5.3,Normal,Cleared,Strong (4G/5G)
VTL-NER-2026-0237,2026-08-25 13:30:00,AR-02-RQ-6818,Border Roads Construction Dumper,Infrastructure,Itanagar,Pasighat,NH-415 / NH-15,Arunachal Pradesh,82.8,In Transit / Moving,40.4,10.65,1,80.2,101.3,1.3,Normal,Cleared,Strong (4G/5G)
VTL-NER-2026-0238,2026-08-25 13:30:00,NL-03-VT-9675,SUV / Tourist Taxi (Sumo/Innova),Passenger / Tourism,Kohima,Imphal,NH-02,Manipur,77.4,In Transit / Moving,68.4,1.46,9,59.6,86.0,5.5,Normal,Cleared,Moderate (3G)
VTL-NER-2026-0239,2026-08-25 13:30:00,TR-02-LQ-1960,Fuel Tanker (POL),Hazardous Cargo,Agartala,Silchar,NH-08,Tripura,25.9,Pit Stop / Checkpost Inspection,0.0,17.0,3,87.0,81.4,2.8,Normal,Cleared,Moderate (3G)
VTL-NER-2026-0240,2026-08-25 13:30:00,NL-03-MY-2636,Multi-Axle Container Truck,Cargo / Logistics,Dimapur,Kohima,NH-29,Nagaland,41.7,Halted / Traffic Congestion,9.0,35.92,1,45.0,90.7,4.7,Normal,Cleared,Moderate (3G)
VTL-NER-2026-0241,2026-08-25 13:30:00,AS-04-PA-2188,Interstate Passenger Bus (ASTC/Private),Public Transit,Guwahati,Itanagar,NH-15,Assam,39.0,In Transit / Moving,43.5,8.11,3,50.8,97.6,5.2,Normal,Cleared,Strong (4G/5G)
VTL-NER-2026-0242,2026-08-25 13:30:00,AS-03-VR-7879,Interstate Passenger Bus (ASTC/Private),Public Transit,Guwahati,Shillong,NH-06,Assam,7.1,Pit Stop / Checkpost Inspection,0.0,9.44,1,64.9,81.1,3.1,Normal,Cleared,Strong (4G/5G)
VTL-NER-2026-0243,2026-08-25 13:30:00,MN-08-ZH-6333,SUV / Tourist Taxi (Sumo/Innova),Passenger / Tourism,Imphal,Moreh (Border),NH-102,Manipur,56.4,In Transit / Moving,66.1,1.62,26,54.4,88.4,1.9,Normal,Cleared,Moderate (3G)
VTL-NER-2026-0244,2026-08-25 13:30:00,NL-09-OC-7212,Interstate Passenger Bus (ASTC/Private),Public Transit,Kohima,Imphal,NH-02,Manipur,55.4,In Transit / Moving,39.4,6.39,3,81.8,101.4,6.1,Normal,Customs/Inner Line Permit (ILP) Verification,Weak (Mountain Shadow)
VTL-NER-2026-0245,2026-08-25 13:30:00,TR-08-LZ-1859,Border Roads Construction Dumper,Infrastructure,Agartala,Silchar,NH-08,Tripura,42.2,In Transit / Moving,40.1,4.51,3,38.5,90.0,5.6,Normal,Cleared,Strong (4G/5G)
VTL-NER-2026-0246,2026-08-25 13:30:00,MN-07-YO-2874,Interstate Passenger Bus (ASTC/Private),Public Transit,Imphal,Moreh (Border),NH-102,Manipur,51.7,In Transit / Moving,54.4,9.65,3,73.0,89.5,5.2,Normal,Pending Inspection,Strong (4G/5G)
VTL-NER-2026-0247,2026-08-25 13:30:00,MN-09-WN-5078,Border Roads Construction Dumper,Infrastructure,Imphal,Moreh (Border),NH-102,Manipur,30.2,Halted / Traffic Congestion,8.7,3.25,1,65.7,100.3,4.7,Normal,N/A,Strong (4G/5G)
VTL-NER-2026-0248,2026-08-25 13:30:00,NL-09-CC-5587,Border Roads Construction Dumper,Infrastructure,Dimapur,Kohima,NH-29,Nagaland,74.4,In Transit / Moving,22.7,13.71,3,64.6,89.8,7.2,Normal,Customs/Inner Line Permit (ILP) Verification,Strong (4G/5G)
VTL-NER-2026-0249,2026-08-25 13:30:00,NL-06-VG-5732,Fuel Tanker (POL),Hazardous Cargo,Kohima,Imphal,NH-02,Nagaland,43.9,In Transit / Moving,23.9,14.84,1,37.4,101.1,7.1,Normal,Cleared,Strong (4G/5G)
VTL-NER-2026-0250,2026-08-25 13:30:00,AR-04-KI-3205,Interstate Passenger Bus (ASTC/Private),Public Transit,Itanagar,Pasighat,NH-415 / NH-15,Arunachal Pradesh,19.4,In Transit / Moving,59.0,11.91,3,16.6,100.7,7.8,Normal,Cleared,Moderate (3G)
VTL-NER-2026-0251,2026-08-25 13:30:00,AR-02-UC-4881,Fuel Tanker (POL),Hazardous Cargo,Itanagar,Pasighat,NH-415 / NH-15,Arunachal Pradesh,14.7,In Transit / Moving,36.7,19.02,2,73.2,100.4,8.9,Yes (Exceeded 8 hrs),Cleared,Strong (4G/5G)
VTL-NER-2026-0252,2026-08-25 13:30:00,AS-08-US-2579,Border Roads Construction Dumper,Infrastructure,Tezpur,Tawang,NH-13 (Trans-Arunachal),Arunachal Pradesh,52.7,In Transit / Moving,11.2,1.59,1,95.3,90.9,5.9,Normal,Cleared,Strong (4G/5G)
VTL-NER-2026-0253,2026-08-25 13:30:00,NL-02-MV-8133,Heavy Freight Truck (10-Wheeler),Cargo / Logistics,Dimapur,Kohima,NH-29,Nagaland,37.9,In Transit / Moving,22.0,9.6,1,28.4,97.3,3.5,Normal,Customs/Inner Line Permit (ILP) Verification,Strong (4G/5G)
VTL-NER-2026-0254,2026-08-25 13:30:00,NL-09-QF-4931,Heavy Freight Truck (10-Wheeler),Cargo / Logistics,Dimapur,Kohima,NH-29,Nagaland,81.5,Halted / Landslide Blockade,0.0,17.35,2,19.6,74.9,5.4,Normal,Pending Inspection,Strong (4G/5G)
VTL-NER-2026-0255,2026-08-25 13:30:00,SK-06-EM-7791,Emergency Relief Convoy / NDRF Truck,Emergency Services,Gangtok,Mangan (North Sikkim),Indo-China Highway,Sikkim,83.6,Halted / Traffic Congestion,4.3,6.01,2,40.9,92.6,8.8,Yes (Exceeded 8 hrs),Cleared,Strong (4G/5G)
VTL-NER-2026-0256,2026-08-25 13:30:00,AS-07-AC-5908,Multi-Axle Container Truck,Cargo / Logistics,Guwahati,Shillong,NH-06,Assam,30.0,In Transit / Moving,40.0,5.91,1,66.9,85.6,7.4,Normal,Cleared,Strong (4G/5G)
VTL-NER-2026-0257,2026-08-25 13:30:00,AS-01-QC-3694,Border Roads Construction Dumper,Infrastructure,Guwahati,Dibrugarh,NH-27 / NH-15,Assam,13.2,Halted / Landslide Blockade,0.0,3.02,2,66.1,76.3,6.7,Normal,Pending Inspection,Strong (4G/5G)
VTL-NER-2026-0258,2026-08-25 13:30:00,AS-04-WI-7331,Emergency Relief Convoy / NDRF Truck,Emergency Services,Guwahati,Itanagar,NH-15,Assam,12.5,In Transit / Moving,52.2,9.06,3,56.5,89.9,1.0,Normal,Cleared,Strong (4G/5G)
VTL-NER-2026-0259,2026-08-25 13:30:00,TR-02-VD-6109,Emergency Relief Convoy / NDRF Truck,Emergency Services,Agartala,Silchar,NH-08,Assam,59.2,In Transit / Moving,50.1,4.88,1,29.3,82.3,3.5,Normal,Pending Inspection,Strong (4G/5G)
VTL-NER-2026-0260,2026-08-25 13:30:00,MN-06-BR-9701,Heavy Freight Truck (10-Wheeler),Cargo / Logistics,Imphal,Moreh (Border),NH-102,Manipur,42.8,In Transit / Moving,42.6,8.65,3,34.8,99.2,2.1,Normal,Cleared,Moderate (3G)
VTL-NER-2026-0261,2026-08-25 13:30:00,WB-04-XX-9233,Emergency Relief Convoy / NDRF Truck,Emergency Services,Siliguri,Gangtok,NH-10,Sikkim,70.4,In Transit / Moving,41.3,13.53,2,74.8,99.3,2.2,Normal,Cleared,Strong (4G/5G)
VTL-NER-2026-0262,2026-08-25 13:30:00,NL-04-NQ-4336,SUV / Tourist Taxi (Sumo/Innova),Passenger / Tourism,Kohima,Imphal,NH-02,Manipur,88.5,In Transit / Moving,61.8,1.63,27,25.0,87.3,6.5,Normal,Cleared,Strong (4G/5G)
VTL-NER-2026-0263,2026-08-25 13:30:00,AS-08-NE-4124,Fuel Tanker (POL),Hazardous Cargo,Guwahati,Silchar,NH-27,Assam,25.5,In Transit / Moving,44.4,17.09,1,41.1,84.9,5.4,Normal,Customs/Inner Line Permit (ILP) Verification,Strong (4G/5G)
VTL-NER-2026-0264,2026-08-25 13:30:00,AS-01-JN-6666,Fuel Tanker (POL),Hazardous Cargo,Guwahati,Itanagar,NH-15,Arunachal Pradesh,65.4,In Transit / Moving,42.1,12.49,1,27.7,89.8,8.3,Yes (Exceeded 8 hrs),Cleared,Strong (4G/5G)
VTL-NER-2026-0265,2026-08-25 13:30:00,MN-08-WO-7476,SUV / Tourist Taxi (Sumo/Innova),Passenger / Tourism,Imphal,Moreh (Border),NH-102,Manipur,39.6,Halted / Landslide Blockade,0.0,1.49,10,52.9,82.4,3.9,Normal,Pending Inspection,Moderate (3G)
VTL-NER-2026-0266,2026-08-25 13:30:00,AR-06-MT-1398,Multi-Axle Container Truck,Cargo / Logistics,Itanagar,Pasighat,NH-415 / NH-15,Arunachal Pradesh,73.6,Maintenance / Breakdown,0.0,14.1,2,33.3,76.7,5.1,Normal,Cleared,Weak (Mountain Shadow)
VTL-NER-2026-0267,2026-08-25 13:30:00,AR-09-RG-9360,Border Roads Construction Dumper,Infrastructure,Itanagar,Pasighat,NH-415 / NH-15,Arunachal Pradesh,54.8,In Transit / Moving,38.4,8.54,2,22.4,83.9,4.4,Normal,Cleared,Weak (Mountain Shadow)
VTL-NER-2026-0268,2026-08-25 13:30:00,WB-02-AH-7592,Fuel Tanker (POL),Hazardous Cargo,Siliguri,Gangtok,NH-10,West Bengal,10.8,Halted / Landslide Blockade,0.0,14.85,1,33.8,85.8,2.6,Normal,Cleared,Strong (4G/5G)
VTL-NER-2026-0269,2026-08-25 13:30:00,AS-05-JG-7903,Interstate Passenger Bus (ASTC/Private),Public Transit,Silchar,Aizawl,NH-306,Assam,32.1,In Transit / Moving,43.4,9.26,3,42.3,101.5,6.0,Normal,Cleared,Moderate (3G)
VTL-NER-2026-0270,2026-08-25 13:30:00,AS-09-GS-4031,Fuel Tanker (POL),Hazardous Cargo,Silchar,Aizawl,NH-306,Assam,24.1,In Transit / Moving,28.4,8.44,2,96.9,90.4,6.4,Normal,Cleared,Strong (4G/5G)
VTL-NER-2026-0271,2026-08-25 13:30:00,AS-08-BE-4559,Fuel Tanker (POL),Hazardous Cargo,Guwahati,Itanagar,NH-15,Assam,39.9,Halted / Traffic Congestion,2.2,0.31,2,91.5,94.8,2.1,Normal,Cleared,Strong (4G/5G)
VTL-NER-2026-0272,2026-08-25 13:30:00,SK-02-CJ-3689,SUV / Tourist Taxi (Sumo/Innova),Passenger / Tourism,Gangtok,Mangan (North Sikkim),Indo-China Highway,Sikkim,45.5,In Transit / Moving,42.1,0.8,36,90.6,96.2,1.5,Normal,Cleared,Strong (4G/5G)
VTL-NER-2026-0273,2026-08-25 13:30:00,TR-09-YM-3210,SUV / Tourist Taxi (Sumo/Innova),Passenger / Tourism,Agartala,Silchar,NH-08,Assam,50.2,In Transit / Moving,63.4,1.61,24,64.2,88.7,4.4,Normal,Pending Inspection,Weak (Mountain Shadow)
VTL-NER-2026-0274,2026-08-25 13:30:00,ML-09-LL-2321,Light Commercial Vehicle (Bolero Pick-up),Local Supply / Freight,Shillong,Silchar,NH-06,Meghalaya,26.7,Halted / Traffic Congestion,4.5,1.04,3,41.5,101.4,4.8,Normal,Cleared,Weak (Mountain Shadow)
VTL-NER-2026-0275,2026-08-25 13:30:00,WB-08-NB-8860,SUV / Tourist Taxi (Sumo/Innova),Passenger / Tourism,Siliguri,Gangtok,NH-10,Sikkim,66.3,In Transit / Moving,62.3,0.61,10,54.9,101.1,7.9,Normal,Customs/Inner Line Permit (ILP) Verification,Satellite Fallback
VTL-NER-2026-0276,2026-08-25 13:30:00,AS-01-KG-3852,Border Roads Construction Dumper,Infrastructure,Guwahati,Silchar,NH-27,Assam,23.7,In Transit / Moving,13.2,1.62,1,71.8,93.9,3.1,Normal,Cleared,Strong (4G/5G)
VTL-NER-2026-0277,2026-08-25 13:30:00,AS-07-RU-3960,Emergency Relief Convoy / NDRF Truck,Emergency Services,Guwahati,Itanagar,NH-15,Assam,31.3,Halted / Landslide Blockade,0.0,8.68,2,96.5,74.6,8.7,Yes (Exceeded 8 hrs),Cleared,Strong (4G/5G)
VTL-NER-2026-0278,2026-08-25 13:30:00,AS-05-TI-2911,Border Roads Construction Dumper,Infrastructure,Tezpur,Tawang,NH-13 (Trans-Arunachal),Arunachal Pradesh,71.8,In Transit / Moving,20.1,3.96,1,39.8,98.5,6.4,Normal,Cleared,Strong (4G/5G)
VTL-NER-2026-0279,2026-08-25 13:30:00,TR-06-GW-7190,Heavy Freight Truck (10-Wheeler),Cargo / Logistics,Agartala,Silchar,NH-08,Tripura,37.7,In Transit / Moving,36.5,11.47,2,49.9,90.0,1.3,Normal,Customs/Inner Line Permit (ILP) Verification,Strong (4G/5G)
VTL-NER-2026-0280,2026-08-25 13:30:00,AS-09-OM-7814,Fuel Tanker (POL),Hazardous Cargo,Guwahati,Shillong,NH-06,Assam,14.5,In Transit / Moving,35.2,18.44,1,28.8,88.5,8.4,Yes (Exceeded 8 hrs),Cleared,Strong (4G/5G)
VTL-NER-2026-0281,2026-08-25 13:30:00,NL-01-SZ-4969,Fuel Tanker (POL),Hazardous Cargo,Dimapur,Kohima,NH-29,Nagaland,90.2,Halted / Landslide Blockade,0.0,16.14,1,46.6,84.6,7.4,Normal,Customs/Inner Line Permit (ILP) Verification,Strong (4G/5G)
VTL-NER-2026-0282,2026-08-25 13:30:00,WB-06-CI-8190,Heavy Freight Truck (10-Wheeler),Cargo / Logistics,Siliguri,Gangtok,NH-10,Sikkim,72.7,In Transit / Moving,41.7,16.01,2,90.8,95.7,4.2,Normal,Cleared,Strong (4G/5G)
VTL-NER-2026-0283,2026-08-25 13:30:00,AS-06-OX-9390,Heavy Freight Truck (10-Wheeler),Cargo / Logistics,Tezpur,Tawang,NH-13 (Trans-Arunachal),Arunachal Pradesh,74.4,In Transit / Moving,20.6,0.67,1,92.3,98.5,2.5,Normal,Cleared,Moderate (3G)
VTL-NER-2026-0284,2026-08-25 13:30:00,AS-04-PH-5106,Multi-Axle Container Truck,Cargo / Logistics,Tezpur,Tawang,NH-13 (Trans-Arunachal),Assam,33.1,Halted / Landslide Blockade,0.0,15.99,2,87.9,71.9,8.1,Yes (Exceeded 8 hrs),Cleared,Strong (4G/5G)
VTL-NER-2026-0285,2026-08-25 13:30:00,TR-03-HP-4809,Multi-Axle Container Truck,Cargo / Logistics,Agartala,Silchar,NH-08,Assam,79.6,Maintenance / Breakdown,0.0,27.68,1,94.7,82.2,5.4,Normal,Cleared,Satellite Fallback
VTL-NER-2026-0286,2026-08-25 13:30:00,AS-09-MH-4739,Fuel Tanker (POL),Hazardous Cargo,Guwahati,Itanagar,NH-15,Assam,42.9,In Transit / Moving,25.0,10.38,3,51.3,90.0,4.4,Normal,Cleared,Strong (4G/5G)
VTL-NER-2026-0287,2026-08-25 13:30:00,TR-08-SW-1487,Fuel Tanker (POL),Hazardous Cargo,Agartala,Silchar,NH-08,Assam,61.6,Halted / Landslide Blockade,0.0,11.72,3,36.5,83.5,4.8,Normal,Cleared,Moderate (3G)
VTL-NER-2026-0288,2026-08-25 13:30:00,AS-05-VT-1615,Border Roads Construction Dumper,Infrastructure,Guwahati,Shillong,NH-06,Meghalaya,92.5,In Transit / Moving,38.6,2.8,2,86.0,93.6,6.8,Normal,Customs/Inner Line Permit (ILP) Verification,Satellite Fallback
VTL-NER-2026-0289,2026-08-25 13:30:00,TR-01-AJ-3098,Border Roads Construction Dumper,Infrastructure,Agartala,Silchar,NH-08,Tripura,18.4,In Transit / Moving,14.5,7.87,2,46.7,87.0,5.6,Normal,Cleared,Satellite Fallback
VTL-NER-2026-0290,2026-08-25 13:30:00,NL-03-RJ-4524,Interstate Passenger Bus (ASTC/Private),Public Transit,Kohima,Imphal,NH-02,Nagaland,40.2,In Transit / Moving,62.1,11.7,2,37.8,92.2,2.3,Normal,Pending Inspection,Moderate (3G)
VTL-NER-2026-0291,2026-08-25 13:30:00,AS-06-HJ-1204,Emergency Relief Convoy / NDRF Truck,Emergency Services,Guwahati,Dibrugarh,NH-27 / NH-15,Assam,12.3,In Transit / Moving,39.8,2.88,1,93.4,95.7,3.3,Normal,Cleared,Strong (4G/5G)
VTL-NER-2026-0292,2026-08-25 13:30:00,TR-09-DY-3136,Light Commercial Vehicle (Bolero Pick-up),Local Supply / Freight,Agartala,Silchar,NH-08,Assam,85.4,In Transit / Moving,40.9,0.37,2,16.9,98.1,7.0,Normal,Cleared,Strong (4G/5G)
VTL-NER-2026-0293,2026-08-25 13:30:00,WB-08-OO-9439,Light Commercial Vehicle (Bolero Pick-up),Local Supply / Freight,Siliguri,Gangtok,NH-10,Sikkim,69.2,In Transit / Moving,59.5,0.33,2,86.9,97.1,7.8,Normal,Cleared,Moderate (3G)
VTL-NER-2026-0294,2026-08-25 13:30:00,WB-08-LS-1362,SUV / Tourist Taxi (Sumo/Innova),Passenger / Tourism,Siliguri,Gangtok,NH-10,West Bengal,24.8,In Transit / Moving,53.9,1.66,36,82.6,87.2,5.8,Normal,Cleared,Strong (4G/5G)
VTL-NER-2026-0295,2026-08-25 13:30:00,NL-06-MK-5412,Heavy Freight Truck (10-Wheeler),Cargo / Logistics,Dimapur,Kohima,NH-29,Nagaland,43.7,In Transit / Moving,37.4,23.14,1,49.0,83.3,4.2,Normal,Customs/Inner Line Permit (ILP) Verification,Strong (4G/5G)
VTL-NER-2026-0296,2026-08-25 13:30:00,NL-06-JL-8150,Border Roads Construction Dumper,Infrastructure,Kohima,Imphal,NH-02,Nagaland,31.5,In Transit / Moving,25.0,7.96,3,55.8,100.5,4.9,Normal,Customs/Inner Line Permit (ILP) Verification,Strong (4G/5G)
VTL-NER-2026-0297,2026-08-25 13:30:00,WB-02-QT-1351,Multi-Axle Container Truck,Cargo / Logistics,Siliguri,Gangtok,NH-10,West Bengal,8.8,Halted / Traffic Congestion,2.8,34.96,2,48.8,86.4,3.4,Normal,Cleared,Weak (Mountain Shadow)
VTL-NER-2026-0298,2026-08-25 13:30:00,TR-08-BR-3734,Heavy Freight Truck (10-Wheeler),Cargo / Logistics,Agartala,Silchar,NH-08,Tripura,32.6,In Transit / Moving,41.9,24.91,2,84.6,86.0,7.1,Normal,Customs/Inner Line Permit (ILP) Verification,Satellite Fallback
VTL-NER-2026-0299,2026-08-25 13:30:00,ML-06-GD-3353,SUV / Tourist Taxi (Sumo/Innova),Passenger / Tourism,Shillong,Silchar,NH-06,Meghalaya,42.4,In Transit / Moving,69.1,0.8,41,75.4,96.6,7.0,Normal,Customs/Inner Line Permit (ILP) Verification,Strong (4G/5G)
VTL-NER-2026-0300,2026-08-25 13:30:00,NL-05-MQ-1236,Light Commercial Vehicle (Bolero Pick-up),Local Supply / Freight,Dimapur,Kohima,NH-29,Nagaland,91.9,In Transit / Moving,57.6,2.73,1,28.6,91.3,1.1,Normal,Cleared,Strong (4G/5G)
VTL-NER-2026-0301,2026-08-25 13:30:00,SK-08-RU-6164,Multi-Axle Container Truck,Cargo / Logistics,Gangtok,Mangan (North Sikkim),Indo-China Highway,Sikkim,18.1,In Transit / Moving,49.6,8.5,1,16.6,84.3,0.6,Normal,Cleared,Strong (4G/5G)
VTL-NER-2026-0302,2026-08-25 13:30:00,AR-06-DH-7982,Light Commercial Vehicle (Bolero Pick-up),Local Supply / Freight,Itanagar,Pasighat,NH-415 / NH-15,Arunachal Pradesh,15.4,In Transit / Moving,61.7,0.88,1,67.7,98.7,2.6,Normal,Pending Inspection,Moderate (3G)
VTL-NER-2026-0303,2026-08-25 13:30:00,NL-07-AP-5810,Heavy Freight Truck (10-Wheeler),Cargo / Logistics,Kohima,Imphal,NH-02,Nagaland,9.5,Halted / Landslide Blockade,0.0,12.57,1,50.9,87.3,4.3,Normal,Cleared,Strong (4G/5G)
VTL-NER-2026-0304,2026-08-25 13:30:00,AS-03-BE-8729,Heavy Freight Truck (10-Wheeler),Cargo / Logistics,Silchar,Aizawl,NH-306,Mizoram,73.3,In Transit / Moving,45.8,9.44,2,60.1,98.8,7.1,Normal,Cleared,Strong (4G/5G)
VTL-NER-2026-0305,2026-08-25 13:30:00,AR-07-BS-3877,Heavy Freight Truck (10-Wheeler),Cargo / Logistics,Itanagar,Pasighat,NH-415 / NH-15,Arunachal Pradesh,40.4,In Transit / Moving,47.9,12.77,3,22.5,96.7,2.4,Normal,Cleared,Moderate (3G)
VTL-NER-2026-0306,2026-08-25 13:30:00,AS-06-FX-4548,Multi-Axle Container Truck,Cargo / Logistics,Guwahati,Shillong,NH-06,Assam,43.4,In Transit / Moving,38.3,36.4,2,94.6,96.7,3.0,Normal,N/A,Strong (4G/5G)
VTL-NER-2026-0307,2026-08-25 13:30:00,AR-06-QJ-3094,Interstate Passenger Bus (ASTC/Private),Public Transit,Itanagar,Pasighat,NH-415 / NH-15,Arunachal Pradesh,75.9,In Transit / Moving,30.2,11.35,1,95.9,83.0,9.4,Yes (Exceeded 8 hrs),Cleared,Satellite Fallback
VTL-NER-2026-0308,2026-08-25 13:30:00,NL-03-AA-8408,Light Commercial Vehicle (Bolero Pick-up),Local Supply / Freight,Dimapur,Kohima,NH-29,Nagaland,61.3,In Transit / Moving,64.0,1.0,3,34.8,100.1,5.2,Normal,Cleared,Strong (4G/5G)
VTL-NER-2026-0309,2026-08-25 13:30:00,SK-06-MK-1382,Multi-Axle Container Truck,Cargo / Logistics,Gangtok,Mangan (North Sikkim),Indo-China Highway,Sikkim,22.7,In Transit / Moving,20.9,25.55,1,29.3,95.8,7.4,Normal,Cleared,Strong (4G/5G)
VTL-NER-2026-0310,2026-08-25 13:30:00,AS-04-QX-7280,Light Commercial Vehicle (Bolero Pick-up),Local Supply / Freight,Guwahati,Silchar,NH-27,Assam,79.3,Pit Stop / Checkpost Inspection,0.0,3.32,1,34.7,81.8,4.8,Normal,Cleared,Strong (4G/5G)
VTL-NER-2026-0311,2026-08-25 13:30:00,TR-04-YU-8025,SUV / Tourist Taxi (Sumo/Innova),Passenger / Tourism,Agartala,Silchar,NH-08,Tripura,13.2,In Transit / Moving,67.1,1.48,6,63.0,96.0,4.6,Normal,Cleared,Weak (Mountain Shadow)
VTL-NER-2026-0312,2026-08-25 13:30:00,ML-04-IM-4256,Interstate Passenger Bus (ASTC/Private),Public Transit,Shillong,Silchar,NH-06,Meghalaya,12.1,In Transit / Moving,40.3,5.32,1,62.2,83.5,8.5,Yes (Exceeded 8 hrs),Cleared,Strong (4G/5G)
VTL-NER-2026-0313,2026-08-25 13:30:00,MN-09-AO-4341,Emergency Relief Convoy / NDRF Truck,Emergency Services,Imphal,Moreh (Border),NH-102,Manipur,92.4,In Transit / Moving,35.5,2.05,2,71.4,90.7,7.9,Normal,Cleared,Strong (4G/5G)
VTL-NER-2026-0314,2026-08-25 13:30:00,AS-07-TL-6114,Fuel Tanker (POL),Hazardous Cargo,Guwahati,Shillong,NH-06,Assam,42.7,In Transit / Moving,27.3,4.71,1,59.3,85.6,3.2,Normal,Cleared,Strong (4G/5G)
VTL-NER-2026-0315,2026-08-25 13:30:00,AS-09-JA-8336,Heavy Freight Truck (10-Wheeler),Cargo / Logistics,Guwahati,Itanagar,NH-15,Arunachal Pradesh,78.9,In Transit / Moving,39.7,21.94,1,82.6,98.5,1.7,Normal,Cleared,Strong (4G/5G)
VTL-NER-2026-0316,2026-08-25 13:30:00,TR-02-NE-8568,Emergency Relief Convoy / NDRF Truck,Emergency Services,Agartala,Silchar,NH-08,Tripura,18.7,In Transit / Moving,42.5,2.11,3,40.7,84.9,2.8,Normal,Pending Inspection,Weak (Mountain Shadow)
VTL-NER-2026-0317,2026-08-25 13:30:00,AS-06-GO-1098,Heavy Freight Truck (10-Wheeler),Cargo / Logistics,Guwahati,Dibrugarh,NH-27 / NH-15,Assam,14.7,In Transit / Moving,29.7,21.65,2,94.7,92.6,4.3,Normal,Cleared,Strong (4G/5G)
VTL-NER-2026-0318,2026-08-25 13:30:00,AS-02-HS-9317,Heavy Freight Truck (10-Wheeler),Cargo / Logistics,Guwahati,Silchar,NH-27,Assam,74.3,In Transit / Moving,52.3,0.73,1,80.4,97.0,8.5,Yes (Exceeded 8 hrs),Cleared,Strong (4G/5G)
VTL-NER-2026-0319,2026-08-25 13:30:00,MN-01-TU-6407,Multi-Axle Container Truck,Cargo / Logistics,Imphal,Moreh (Border),NH-102,Manipur,15.9,In Transit / Moving,27.2,19.65,2,56.1,88.6,1.8,Normal,Cleared,Strong (4G/5G)
VTL-NER-2026-0320,2026-08-25 13:30:00,MN-07-VZ-2727,Light Commercial Vehicle (Bolero Pick-up),Local Supply / Freight,Imphal,Moreh (Border),NH-102,Manipur,50.6,In Transit / Moving,36.3,0.82,1,19.2,95.7,4.0,Normal,Cleared,Moderate (3G)
VTL-NER-2026-0321,2026-08-25 13:30:00,AS-02-PK-4172,Border Roads Construction Dumper,Infrastructure,Silchar,Aizawl,NH-306,Assam,15.5,In Transit / Moving,22.8,9.01,3,70.2,92.9,6.5,Normal,Cleared,Strong (4G/5G)
VTL-NER-2026-0322,2026-08-25 13:30:00,AS-09-OT-9511,Border Roads Construction Dumper,Infrastructure,Guwahati,Shillong,NH-06,Meghalaya,82.8,In Transit / Moving,27.8,15.37,3,52.3,84.5,0.6,Normal,Cleared,Satellite Fallback
VTL-NER-2026-0323,2026-08-25 13:30:00,NL-06-DQ-4517,Border Roads Construction Dumper,Infrastructure,Kohima,Imphal,NH-02,Manipur,52.2,In Transit / Moving,32.6,10.68,1,34.3,82.7,2.0,Normal,Cleared,Strong (4G/5G)
VTL-NER-2026-0324,2026-08-25 13:30:00,WB-05-EM-7568,Heavy Freight Truck (10-Wheeler),Cargo / Logistics,Siliguri,Gangtok,NH-10,Sikkim,66.1,In Transit / Moving,44.3,12.89,3,18.3,83.7,8.8,Yes (Exceeded 8 hrs),Cleared,Strong (4G/5G)
VTL-NER-2026-0325,2026-08-25 13:30:00,AS-06-LZ-9025,Fuel Tanker (POL),Hazardous Cargo,Guwahati,Dibrugarh,NH-27 / NH-15,Assam,67.2,In Transit / Moving,33.3,0.66,1,46.3,82.3,9.1,Yes (Exceeded 8 hrs),Cleared,Strong (4G/5G)
VTL-NER-2026-0326,2026-08-25 13:30:00,MN-07-OR-6410,SUV / Tourist Taxi (Sumo/Innova),Passenger / Tourism,Imphal,Moreh (Border),NH-102,Manipur,54.8,In Transit / Moving,42.6,1.32,25,48.6,90.4,0.9,Normal,Cleared,Strong (4G/5G)
VTL-NER-2026-0327,2026-08-25 13:30:00,NL-01-JF-9484,Border Roads Construction Dumper,Infrastructure,Kohima,Imphal,NH-02,Nagaland,13.7,In Transit / Moving,19.0,13.91,1,23.4,100.6,8.7,Yes (Exceeded 8 hrs),N/A,Strong (4G/5G)
VTL-NER-2026-0328,2026-08-25 13:30:00,NL-03-BP-3713,Heavy Freight Truck (10-Wheeler),Cargo / Logistics,Dimapur,Kohima,NH-29,Nagaland,81.2,In Transit / Moving,49.3,23.26,2,80.2,88.7,6.9,Normal,Cleared,Moderate (3G)
VTL-NER-2026-0329,2026-08-25 13:30:00,NL-05-DE-7342,Interstate Passenger Bus (ASTC/Private),Public Transit,Kohima,Imphal,NH-02,Nagaland,34.4,In Transit / Moving,46.9,0.45,1,60.0,101.0,5.7,Normal,Cleared,Weak (Mountain Shadow)
VTL-NER-2026-0330,2026-08-25 13:30:00,AS-01-WF-9406,Border Roads Construction Dumper,Infrastructure,Tezpur,Tawang,NH-13 (Trans-Arunachal),Assam,11.7,In Transit / Moving,35.1,11.19,2,60.1,85.6,9.3,Yes (Exceeded 8 hrs),Cleared,Strong (4G/5G)
VTL-NER-2026-0331,2026-08-25 13:30:00,ML-07-VY-1562,SUV / Tourist Taxi (Sumo/Innova),Passenger / Tourism,Shillong,Silchar,NH-06,Assam,50.8,Maintenance / Breakdown,0.0,1.22,36,91.7,86.7,8.1,Yes (Exceeded 8 hrs),Cleared,Weak (Mountain Shadow)
VTL-NER-2026-0332,2026-08-25 13:30:00,AS-07-LB-4900,Emergency Relief Convoy / NDRF Truck,Emergency Services,Guwahati,Dibrugarh,NH-27 / NH-15,Assam,46.0,In Transit / Moving,54.1,11.91,2,17.8,86.8,8.8,Yes (Exceeded 8 hrs),Cleared,Strong (4G/5G)
VTL-NER-2026-0333,2026-08-25 13:30:00,NL-04-BM-7105,Light Commercial Vehicle (Bolero Pick-up),Local Supply / Freight,Dimapur,Kohima,NH-29,Nagaland,28.7,Halted / Landslide Blockade,0.0,1.56,3,47.3,79.6,0.9,Normal,Pending Inspection,Strong (4G/5G)
VTL-NER-2026-0334,2026-08-25 13:30:00,MN-02-LS-4229,Light Commercial Vehicle (Bolero Pick-up),Local Supply / Freight,Imphal,Moreh (Border),NH-102,Manipur,89.8,In Transit / Moving,54.7,0.37,1,71.1,95.4,7.1,Normal,N/A,Strong (4G/5G)
VTL-NER-2026-0335,2026-08-25 13:30:00,NL-03-MX-1421,Light Commercial Vehicle (Bolero Pick-up),Local Supply / Freight,Dimapur,Kohima,NH-29,Nagaland,40.2,Halted / Traffic Congestion,4.2,1.8,3,84.1,82.7,2.1,Normal,Cleared,Satellite Fallback
VTL-NER-2026-0336,2026-08-25 13:30:00,AS-01-EB-6215,Heavy Freight Truck (10-Wheeler),Cargo / Logistics,Silchar,Aizawl,NH-306,Assam,20.0,In Transit / Moving,20.6,23.13,3,16.6,97.8,8.6,Yes (Exceeded 8 hrs),Cleared,Strong (4G/5G)
VTL-NER-2026-0337,2026-08-25 13:30:00,AS-01-KY-8395,Multi-Axle Container Truck,Cargo / Logistics,Silchar,Aizawl,NH-306,Mizoram,50.9,In Transit / Moving,20.6,33.68,3,78.3,87.2,9.5,Yes (Exceeded 8 hrs),Cleared,Strong (4G/5G)
VTL-NER-2026-0338,2026-08-25 13:30:00,TR-09-UP-2344,Emergency Relief Convoy / NDRF Truck,Emergency Services,Agartala,Silchar,NH-08,Tripura,5.2,In Transit / Moving,31.9,14.42,3,15.0,87.6,5.5,Normal,Cleared,Strong (4G/5G)
VTL-NER-2026-0339,2026-08-25 13:30:00,NL-08-VI-4562,SUV / Tourist Taxi (Sumo/Innova),Passenger / Tourism,Dimapur,Kohima,NH-29,Nagaland,74.6,In Transit / Moving,44.2,0.8,8,26.8,99.9,2.6,Normal,Customs/Inner Line Permit (ILP) Verification,Strong (4G/5G)
VTL-NER-2026-0340,2026-08-25 13:30:00,SK-09-DM-4342,Interstate Passenger Bus (ASTC/Private),Public Transit,Gangtok,Mangan (North Sikkim),Indo-China Highway,Sikkim,16.9,In Transit / Moving,39.5,9.98,2,45.7,98.6,3.0,Normal,Customs/Inner Line Permit (ILP) Verification,Strong (4G/5G)
VTL-NER-2026-0341,2026-08-25 13:30:00,AS-05-IC-3782,SUV / Tourist Taxi (Sumo/Innova),Passenger / Tourism,Guwahati,Shillong,NH-06,Assam,24.2,In Transit / Moving,54.0,1.18,16,81.5,101.6,1.6,Normal,Customs/Inner Line Permit (ILP) Verification,Strong (4G/5G)
VTL-NER-2026-0342,2026-08-25 13:30:00,AS-01-QN-8623,SUV / Tourist Taxi (Sumo/Innova),Passenger / Tourism,Tezpur,Tawang,NH-13 (Trans-Arunachal),Assam,40.3,In Transit / Moving,44.6,1.51,29,53.4,87.8,3.7,Normal,Cleared,Moderate (3G)
VTL-NER-2026-0343,2026-08-25 13:30:00,AS-05-CN-1644,SUV / Tourist Taxi (Sumo/Innova),Passenger / Tourism,Guwahati,Silchar,NH-27,Assam,66.6,In Transit / Moving,61.7,1.53,11,49.2,99.4,7.8,Normal,Customs/Inner Line Permit (ILP) Verification,Strong (4G/5G)
VTL-NER-2026-0344,2026-08-25 13:30:00,TR-04-QB-2232,Emergency Relief Convoy / NDRF Truck,Emergency Services,Agartala,Silchar,NH-08,Assam,58.3,In Transit / Moving,39.0,13.82,1,73.4,85.3,7.8,Normal,Cleared,Strong (4G/5G)
VTL-NER-2026-0345,2026-08-25 13:30:00,AR-08-XQ-2343,Emergency Relief Convoy / NDRF Truck,Emergency Services,Itanagar,Pasighat,NH-415 / NH-15,Arunachal Pradesh,61.1,In Transit / Moving,45.9,0.92,2,27.1,85.6,2.6,Normal,Cleared,Strong (4G/5G)
VTL-NER-2026-0346,2026-08-25 13:30:00,AS-01-MR-5628,Multi-Axle Container Truck,Cargo / Logistics,Silchar,Aizawl,NH-306,Assam,27.4,Pit Stop / Checkpost Inspection,0.0,26.27,3,22.5,81.3,5.5,Normal,Customs/Inner Line Permit (ILP) Verification,Strong (4G/5G)
VTL-NER-2026-0347,2026-08-25 13:30:00,AS-02-DQ-2088,Interstate Passenger Bus (ASTC/Private),Public Transit,Guwahati,Dibrugarh,NH-27 / NH-15,Assam,87.5,In Transit / Moving,36.0,2.1,3,68.7,100.8,8.8,Yes (Exceeded 8 hrs),Cleared,Strong (4G/5G)
VTL-NER-2026-0348,2026-08-25 13:30:00,AS-06-QT-2193,Multi-Axle Container Truck,Cargo / Logistics,Silchar,Aizawl,NH-306,Assam,13.3,Halted / Traffic Congestion,8.0,15.07,2,34.0,101.3,6.0,Normal,Cleared,Strong (4G/5G)
VTL-NER-2026-0349,2026-08-25 13:30:00,AS-06-FJ-9690,Interstate Passenger Bus (ASTC/Private),Public Transit,Tezpur,Tawang,NH-13 (Trans-Arunachal),Arunachal Pradesh,60.3,In Transit / Moving,43.2,1.64,1,90.1,96.9,3.4,Normal,Customs/Inner Line Permit (ILP) Verification,Strong (4G/5G)
VTL-NER-2026-0350,2026-08-25 13:30:00,AS-02-ZM-9775,Multi-Axle Container Truck,Cargo / Logistics,Silchar,Aizawl,NH-306,Assam,16.8,In Transit / Moving,25.2,11.41,1,19.1,90.0,2.6,Normal,Customs/Inner Line Permit (ILP) Verification,Strong (4G/5G)
VTL-NER-2026-0351,2026-08-25 13:30:00,AR-05-LP-2266,Border Roads Construction Dumper,Infrastructure,Itanagar,Pasighat,NH-415 / NH-15,Arunachal Pradesh,28.3,In Transit / Moving,38.5,1.1,1,92.7,91.0,7.0,Normal,Cleared,Strong (4G/5G)
VTL-NER-2026-0352,2026-08-25 13:30:00,TR-02-PT-8074,Emergency Relief Convoy / NDRF Truck,Emergency Services,Agartala,Silchar,NH-08,Tripura,44.1,In Transit / Moving,44.6,12.95,3,46.4,83.1,3.1,Normal,Customs/Inner Line Permit (ILP) Verification,Weak (Mountain Shadow)
VTL-NER-2026-0353,2026-08-25 13:30:00,AS-01-ZQ-9897,Fuel Tanker (POL),Hazardous Cargo,Guwahati,Itanagar,NH-15,Arunachal Pradesh,87.2,In Transit / Moving,32.5,6.93,3,36.8,91.5,5.2,Normal,Cleared,Strong (4G/5G)
VTL-NER-2026-0354,2026-08-25 13:30:00,AR-06-ZJ-3382,Interstate Passenger Bus (ASTC/Private),Public Transit,Itanagar,Pasighat,NH-415 / NH-15,Arunachal Pradesh,87.1,Halted / Traffic Congestion,5.9,0.8,1,86.3,99.1,5.1,Normal,Pending Inspection,Strong (4G/5G)
VTL-NER-2026-0355,2026-08-25 13:30:00,ML-02-AO-4949,Border Roads Construction Dumper,Infrastructure,Shillong,Silchar,NH-06,Assam,65.4,In Transit / Moving,35.3,13.57,1,75.4,85.3,8.0,Normal,Cleared,Strong (4G/5G)
VTL-NER-2026-0356,2026-08-25 13:30:00,NL-06-GD-4806,Light Commercial Vehicle (Bolero Pick-up),Local Supply / Freight,Kohima,Imphal,NH-02,Nagaland,5.7,In Transit / Moving,62.7,0.92,3,65.4,84.7,9.0,Yes (Exceeded 8 hrs),Cleared,Moderate (3G)
VTL-NER-2026-0357,2026-08-25 13:30:00,AR-06-WN-9994,Interstate Passenger Bus (ASTC/Private),Public Transit,Itanagar,Pasighat,NH-415 / NH-15,Arunachal Pradesh,56.0,In Transit / Moving,39.4,8.62,2,52.0,98.4,1.6,Normal,Customs/Inner Line Permit (ILP) Verification,Strong (4G/5G)
VTL-NER-2026-0358,2026-08-25 13:30:00,MN-03-DU-6698,Interstate Passenger Bus (ASTC/Private),Public Transit,Imphal,Moreh (Border),NH-102,Manipur,13.5,In Transit / Moving,49.7,2.33,3,22.8,97.9,9.3,Yes (Exceeded 8 hrs),Cleared,Moderate (3G)
VTL-NER-2026-0359,2026-08-25 13:30:00,MN-03-RP-5941,Border Roads Construction Dumper,Infrastructure,Imphal,Moreh (Border),NH-102,Manipur,67.5,In Transit / Moving,37.2,5.34,3,21.9,86.4,5.2,Normal,Cleared,Moderate (3G)
VTL-NER-2026-0360,2026-08-25 13:30:00,AR-09-LB-3827,Multi-Axle Container Truck,Cargo / Logistics,Itanagar,Pasighat,NH-415 / NH-15,Arunachal Pradesh,19.8,In Transit / Moving,35.4,18.86,1,81.6,94.5,8.3,Yes (Exceeded 8 hrs),Cleared,Strong (4G/5G)
VTL-NER-2026-0361,2026-08-25 13:30:00,AR-01-UE-3299,Fuel Tanker (POL),Hazardous Cargo,Itanagar,Pasighat,NH-415 / NH-15,Arunachal Pradesh,11.8,Pit Stop / Checkpost Inspection,0.0,9.4,3,58.9,79.4,6.2,Normal,Cleared,Strong (4G/5G)
VTL-NER-2026-0362,2026-08-25 13:30:00,AS-09-HC-8597,Border Roads Construction Dumper,Infrastructure,Silchar,Aizawl,NH-306,Mizoram,51.0,Halted / Traffic Congestion,11.3,14.41,3,91.7,85.0,5.3,Normal,Pending Inspection,Strong (4G/5G)
VTL-NER-2026-0363,2026-08-25 13:30:00,AS-05-VM-5698,Multi-Axle Container Truck,Cargo / Logistics,Guwahati,Shillong,NH-06,Meghalaya,85.4,In Transit / Moving,24.3,31.61,1,18.0,95.3,8.3,Yes (Exceeded 8 hrs),Cleared,Strong (4G/5G)
VTL-NER-2026-0364,2026-08-25 13:30:00,AS-05-ZC-2552,Heavy Freight Truck (10-Wheeler),Cargo / Logistics,Guwahati,Itanagar,NH-15,Arunachal Pradesh,86.7,In Transit / Moving,38.8,13.1,1,90.2,93.1,6.1,Normal,Cleared,Strong (4G/5G)
VTL-NER-2026-0365,2026-08-25 13:30:00,AS-05-HY-7712,Interstate Passenger Bus (ASTC/Private),Public Transit,Guwahati,Itanagar,NH-15,Assam,14.7,In Transit / Moving,59.3,7.58,2,96.1,85.5,7.4,Normal,Cleared,Strong (4G/5G)
VTL-NER-2026-0366,2026-08-25 13:30:00,TR-07-PT-2478,Fuel Tanker (POL),Hazardous Cargo,Agartala,Silchar,NH-08,Assam,54.9,In Transit / Moving,20.7,11.88,3,47.7,96.5,6.7,Normal,Cleared,Strong (4G/5G)
VTL-NER-2026-0367,2026-08-25 13:30:00,AS-07-DW-1097,Border Roads Construction Dumper,Infrastructure,Guwahati,Itanagar,NH-15,Assam,47.3,In Transit / Moving,17.0,10.46,1,64.1,92.7,4.9,Normal,Pending Inspection,Strong (4G/5G)
VTL-NER-2026-0368,2026-08-25 13:30:00,AS-07-OS-3682,SUV / Tourist Taxi (Sumo/Innova),Passenger / Tourism,Guwahati,Dibrugarh,NH-27 / NH-15,Assam,92.2,In Transit / Moving,63.5,0.8,7,26.7,98.7,4.8,Normal,Customs/Inner Line Permit (ILP) Verification,Weak (Mountain Shadow)
VTL-NER-2026-0369,2026-08-25 13:30:00,AS-05-AZ-6373,Light Commercial Vehicle (Bolero Pick-up),Local Supply / Freight,Guwahati,Shillong,NH-06,Assam,31.0,Maintenance / Breakdown,0.0,2.28,3,88.4,70.3,1.2,Normal,Customs/Inner Line Permit (ILP) Verification,Strong (4G/5G)
VTL-NER-2026-0370,2026-08-25 13:30:00,ML-03-GN-4435,Multi-Axle Container Truck,Cargo / Logistics,Shillong,Silchar,NH-06,Assam,59.9,In Transit / Moving,39.4,15.05,1,27.6,96.3,8.9,Yes (Exceeded 8 hrs),Pending Inspection,Strong (4G/5G)
VTL-NER-2026-0371,2026-08-25 13:30:00,SK-04-NE-8394,Border Roads Construction Dumper,Infrastructure,Gangtok,Mangan (North Sikkim),Indo-China Highway,Sikkim,85.3,In Transit / Moving,25.7,13.05,3,17.9,84.2,3.6,Normal,Cleared,Moderate (3G)
VTL-NER-2026-0372,2026-08-25 13:30:00,SK-07-LC-4262,Heavy Freight Truck (10-Wheeler),Cargo / Logistics,Gangtok,Mangan (North Sikkim),Indo-China Highway,Sikkim,44.1,In Transit / Moving,33.8,18.36,3,51.0,88.3,5.1,Normal,N/A,Weak (Mountain Shadow)
VTL-NER-2026-0373,2026-08-25 13:30:00,MN-01-BA-2892,SUV / Tourist Taxi (Sumo/Innova),Passenger / Tourism,Imphal,Moreh (Border),NH-102,Manipur,5.5,Pit Stop / Checkpost Inspection,0.0,1.16,23,15.1,76.7,2.8,Normal,Cleared,Strong (4G/5G)
VTL-NER-2026-0374,2026-08-25 13:30:00,TR-01-OW-5341,Emergency Relief Convoy / NDRF Truck,Emergency Services,Agartala,Silchar,NH-08,Tripura,39.8,Pit Stop / Checkpost Inspection,0.0,13.18,2,90.4,77.9,5.2,Normal,Pending Inspection,Moderate (3G)
VTL-NER-2026-0375,2026-08-25 13:30:00,AS-04-SP-7347,Fuel Tanker (POL),Hazardous Cargo,Guwahati,Silchar,NH-27,Assam,31.5,In Transit / Moving,35.1,13.05,2,93.1,91.7,6.9,Normal,Cleared,Moderate (3G)
VTL-NER-2026-0376,2026-08-25 13:30:00,AS-09-OA-4265,Interstate Passenger Bus (ASTC/Private),Public Transit,Tezpur,Tawang,NH-13 (Trans-Arunachal),Assam,22.7,Halted / Landslide Blockade,0.0,2.34,1,89.2,74.2,8.0,Normal,Cleared,Moderate (3G)
VTL-NER-2026-0377,2026-08-25 13:30:00,AS-06-OT-3947,Multi-Axle Container Truck,Cargo / Logistics,Guwahati,Shillong,NH-06,Meghalaya,89.8,In Transit / Moving,24.5,6.08,1,57.6,88.4,5.5,Normal,Cleared,Strong (4G/5G)
VTL-NER-2026-0378,2026-08-25 13:30:00,NL-03-TW-7099,Emergency Relief Convoy / NDRF Truck,Emergency Services,Kohima,Imphal,NH-02,Manipur,92.3,In Transit / Moving,49.4,3.54,3,42.3,98.9,1.0,Normal,Cleared,Strong (4G/5G)
VTL-NER-2026-0379,2026-08-25 13:30:00,SK-08-YB-7783,Emergency Relief Convoy / NDRF Truck,Emergency Services,Gangtok,Mangan (North Sikkim),Indo-China Highway,Sikkim,9.8,Pit Stop / Checkpost Inspection,0.0,10.88,1,33.9,77.0,7.3,Normal,Customs/Inner Line Permit (ILP) Verification,Strong (4G/5G)
VTL-NER-2026-0380,2026-08-25 13:30:00,AS-06-MF-3335,Emergency Relief Convoy / NDRF Truck,Emergency Services,Guwahati,Itanagar,NH-15,Arunachal Pradesh,57.3,In Transit / Moving,46.0,0.9,1,48.4,97.2,4.1,Normal,Cleared,Weak (Mountain Shadow)
VTL-NER-2026-0381,2026-08-25 13:30:00,NL-04-KJ-3959,Border Roads Construction Dumper,Infrastructure,Kohima,Imphal,NH-02,Nagaland,36.1,In Transit / Moving,29.0,8.77,2,71.0,101.3,5.0,Normal,N/A,Weak (Mountain Shadow)
VTL-NER-2026-0382,2026-08-25 13:30:00,TR-05-BL-2162,Emergency Relief Convoy / NDRF Truck,Emergency Services,Agartala,Silchar,NH-08,Assam,67.0,In Transit / Moving,38.4,7.93,2,72.7,95.8,3.5,Normal,Customs/Inner Line Permit (ILP) Verification,Weak (Mountain Shadow)
VTL-NER-2026-0383,2026-08-25 13:30:00,AS-07-CA-2729,Multi-Axle Container Truck,Cargo / Logistics,Guwahati,Dibrugarh,NH-27 / NH-15,Assam,69.9,Pit Stop / Checkpost Inspection,0.0,33.19,3,52.9,82.1,7.8,Normal,Cleared,Strong (4G/5G)
VTL-NER-2026-0384,2026-08-25 13:30:00,NL-01-ZC-4710,Emergency Relief Convoy / NDRF Truck,Emergency Services,Kohima,Imphal,NH-02,Manipur,63.7,In Transit / Moving,49.6,12.97,3,26.0,92.1,5.9,Normal,Cleared,Strong (4G/5G)
VTL-NER-2026-0385,2026-08-25 13:30:00,MN-01-AD-8744,Light Commercial Vehicle (Bolero Pick-up),Local Supply / Freight,Imphal,Moreh (Border),NH-102,Manipur,76.1,In Transit / Moving,58.9,0.47,3,95.6,82.9,0.8,Normal,Pending Inspection,Strong (4G/5G)
VTL-NER-2026-0386,2026-08-25 13:30:00,AS-02-XC-5648,Fuel Tanker (POL),Hazardous Cargo,Tezpur,Tawang,NH-13 (Trans-Arunachal),Arunachal Pradesh,51.5,In Transit / Moving,46.6,11.34,2,77.5,92.5,8.8,Yes (Exceeded 8 hrs),Cleared,Weak (Mountain Shadow)
VTL-NER-2026-0387,2026-08-25 13:30:00,AS-07-FB-1632,Fuel Tanker (POL),Hazardous Cargo,Silchar,Aizawl,NH-306,Mizoram,58.0,In Transit / Moving,31.8,16.47,1,78.7,93.0,8.1,Yes (Exceeded 8 hrs),Cleared,Strong (4G/5G)
VTL-NER-2026-0388,2026-08-25 13:30:00,AS-04-YQ-6423,Emergency Relief Convoy / NDRF Truck,Emergency Services,Guwahati,Itanagar,NH-15,Arunachal Pradesh,71.6,In Transit / Moving,57.9,7.89,1,46.3,96.4,2.5,Normal,Cleared,Moderate (3G)
VTL-NER-2026-0389,2026-08-25 13:30:00,TR-02-ZY-1970,Fuel Tanker (POL),Hazardous Cargo,Agartala,Silchar,NH-08,Assam,83.9,In Transit / Moving,26.2,0.85,3,83.3,90.8,7.6,Normal,Cleared,Moderate (3G)
VTL-NER-2026-0390,2026-08-25 13:30:00,AS-05-MA-8396,Heavy Freight Truck (10-Wheeler),Cargo / Logistics,Guwahati,Silchar,NH-27,Assam,91.1,In Transit / Moving,36.2,16.37,2,92.5,84.0,5.2,Normal,Cleared,Moderate (3G)
VTL-NER-2026-0391,2026-08-25 13:30:00,MN-07-NR-8193,Light Commercial Vehicle (Bolero Pick-up),Local Supply / Freight,Imphal,Moreh (Border),NH-102,Manipur,57.4,Pit Stop / Checkpost Inspection,0.0,3.23,3,61.9,74.0,5.4,Normal,Cleared,Moderate (3G)
VTL-NER-2026-0392,2026-08-25 13:30:00,AS-02-RH-4742,Light Commercial Vehicle (Bolero Pick-up),Local Supply / Freight,Silchar,Aizawl,NH-306,Mizoram,75.3,In Transit / Moving,64.2,1.92,1,55.4,99.7,2.0,Normal,Customs/Inner Line Permit (ILP) Verification,Moderate (3G)
VTL-NER-2026-0393,2026-08-25 13:30:00,AS-05-TI-2817,Border Roads Construction Dumper,Infrastructure,Tezpur,Tawang,NH-13 (Trans-Arunachal),Arunachal Pradesh,61.0,In Transit / Moving,32.9,9.2,3,54.1,84.6,1.5,Normal,Cleared,Strong (4G/5G)
VTL-NER-2026-0394,2026-08-25 13:30:00,NL-03-VT-2029,SUV / Tourist Taxi (Sumo/Innova),Passenger / Tourism,Dimapur,Kohima,NH-29,Nagaland,38.9,In Transit / Moving,66.8,1.54,18,77.4,86.1,6.2,Normal,Cleared,Strong (4G/5G)
VTL-NER-2026-0395,2026-08-25 13:30:00,TR-07-ZW-2662,Emergency Relief Convoy / NDRF Truck,Emergency Services,Agartala,Silchar,NH-08,Assam,66.2,Pit Stop / Checkpost Inspection,0.0,4.19,1,68.0,71.7,5.0,Normal,Pending Inspection,Weak (Mountain Shadow)
VTL-NER-2026-0396,2026-08-25 13:30:00,NL-01-AG-9157,Multi-Axle Container Truck,Cargo / Logistics,Dimapur,Kohima,NH-29,Nagaland,39.9,Halted / Landslide Blockade,0.0,20.18,3,27.9,81.6,8.9,Yes (Exceeded 8 hrs),Cleared,Strong (4G/5G)
VTL-NER-2026-0397,2026-08-25 13:30:00,SK-08-ZX-5134,SUV / Tourist Taxi (Sumo/Innova),Passenger / Tourism,Gangtok,Mangan (North Sikkim),Indo-China Highway,Sikkim,9.7,Halted / Traffic Congestion,5.2,1.75,24,37.5,90.4,2.6,Normal,Cleared,Moderate (3G)
VTL-NER-2026-0398,2026-08-25 13:30:00,SK-05-PY-2076,Fuel Tanker (POL),Hazardous Cargo,Gangtok,Mangan (North Sikkim),Indo-China Highway,Sikkim,24.8,In Transit / Moving,17.5,2.87,2,84.8,98.3,5.2,Normal,Cleared,Strong (4G/5G)
VTL-NER-2026-0399,2026-08-25 13:30:00,MN-02-FQ-6083,Emergency Relief Convoy / NDRF Truck,Emergency Services,Imphal,Moreh (Border),NH-102,Manipur,25.7,In Transit / Moving,36.4,8.76,2,52.2,95.9,6.6,Normal,Cleared,Strong (4G/5G)
VTL-NER-2026-0400,2026-08-25 13:30:00,AS-08-MN-8569,SUV / Tourist Taxi (Sumo/Innova),Passenger / Tourism,Guwahati,Itanagar,NH-15,Arunachal Pradesh,72.9,In Transit / Moving,67.2,0.61,11,36.8,84.5,8.0,Normal,Cleared,Strong (4G/5G)
